"3HCpwNmFp2rvjkdjTs4uxs","Kyuss"
"1hCkSJcXREhrodeIHQdav8","Ramin Djawadi"
"2gCsNOpiBaMNh20jQ5prf0","Buddy Guy"
"6hhA8TKRNryM8FNzqCqdDO","Tricky"
"3RchxeOVaDXmQRBWeL5CNZ","Outside Broadcast Recordings"
"0CF71zaDOJWCynIkW9bSK8","White Zombie"
"22WZ7M8sxp5THdruNY3gXt","The Doors"
"2d0hyoQ5ynDBnkvAbJKORj","Rage Against The Machine"
"0GDGKpJFhVpcjIGF8N6Ewt","Gojira"
"5fuUeZd4SaxYUaK7qQFytt","Gloson"
"161AC1AVRkIGIMxyj5djFQ","Clutch"
"1fSzW5cXBmquli5laFnoGY","Prophets Of Rage"
"72o2T9aqYR2PFNYpzYrMmw","The Tiger Lillies"
"3K2zB87GZv1krx031en5VA","La Roux"
"0X380XXQSNBYuleKzav5UO","Nine Inch Nails"
"7dOBabd5O4CvKrg4iriHTM","Kid Rock"
"4DFhHyjvGYa9wxdHUjtDkc","A Perfect Circle"
"7x83XhcMbOTl1UdYsPTuZM","Tom Waits"
"2ye2Wgw4gimLv2eAKyk1NB","Metallica"
"6Ghvu1VvMGScGpOUJBAHNH","Deftones"
"0Gq06EJlfPumvCdMsnkJFp","Pelican"
"2VYQTNDsvvKN9wmU5W7xpj","Marilyn Manson"
"66CXWjxzNUsdJxJ2JdwvnR","Ariana Grande"
"6emHCSoB4tJxTVXakbrpPz","Karen O"
"5Nx3gPpU2OFLI80rv7fDX5","GG Allin"
"3HVdAiMNjYrQIKlOGxoGh5","Rob Zombie"
"6I8R5MFTlez7rHCsH4cx0u","Shellac"
"7pwThElmrxl0pjTwXMojCx","Assemblage 23"
"163tK9Wjr9P9DmM0AVK7lm","Lorde"
"1IQ2e1buppatiN1bxUVkrk","Slayer"
"3TNt4aUIxgfy9aoaft5Jj2","Yeah Yeah Yeahs"
"6DX31A4wAIGzrnZXYYXUke","A Pale Horse Named Death"
"64tNsm6TnZe2zpcMVMOoHL","Alice In Chains"
"6LAwiATl5lQ3Uwh3llJpJI","Ugly Casanova"
"0WbqAlM1WvfUD6dF7omThd","Yelle"
"59FRAcMcsHQupc8lupy5uH","Sleep Sounds of Nature"
"4pejUc4iciQfgdX6OKulQn","Queens of the Stone Age"
"1tpXaFf2F55E7kVJON4j4G","Black Rebel Motorcycle Club"
"4uYwLU7k03RCQSRXGtQGg0","Orgy"
"6vWDO969PvNqNYHIOW5v0m","Beyoncé"
"3OsRAKCvk37zwYcnzRf5XF","Moby"
"4kRYDoAbgDL7nqeqZhJlA3","Botch"
"1cXi8ALPQCBHZbf0EgP4Ey","Misfits"
"4RddZ3iHvSpGV4dvATac9X","Papa Roach"
"5KDIH2gF0VpelTqyQS7udb","Staind"
"0L8ExT028jH3ddEcZwqJJ5","Red Hot Chili Peppers"
"17RsbUhjNq6WdID2oC90c1","Les Claypool And The Holy Mackerel"
"4ToeMkcsq0zhpiXKr6PJFx","Thunderstorm"
"00FQb4jTyendYWaN8pK0wa","Lana Del Rey"
"3Mcii5XWf6E0lrY3Uky4cA","Ice Cube"
"5aygfDCEaX5KTZOxSCpT9o","Albert King"
"5GtMEZEeFFsuHY8ad4kOxv","Seal"
"64mPnRMMeudAet0E62ypkx","Primus"
"14pVkFUHDL207LzLHtSA18","Pantera"
"1yAwtBaoHLEDWAnWR87hBT","Modest Mouse"
"4sD9znwiVFx9cgRPZ42aQ1","Sinéad O'Connor"
"3V4IvzRQYP5mzuVtkcHgVa","KMFDM"
"6kACVPfCOnqzgfEF5ryl0x","Johnny Cash"
"6tbjWDEIzxoDsBA1FuhfPW","Madonna"
"7nwUJBm0HE4ZxD3f5cy5ok","Aretha Franklin"
"4MVyzYMgTwdP7Z49wAZHx0","Lynyrd Skynyrd"
"5QYAExYvxixCVwX70SRf7F","Front Line Assembly"
"43sZBwHjahUvgbx1WNIkIz","Creed"
"2pAajGWerK3ghwToNWFENS","Puscifer"
"6XyY86QOPPrYVGvF9ch6wz","Linkin Park"
"2J0vvlL7LWu4kRpHmOfKOY","Native American Meditations"
"1jBvrsp1xA0bvx5tJstcYc","Raketkanon"
"6wWVKhxIU2cEi0K81v7HvP","Rammstein"
"5J9IfqV0foP1v0hzqsPWzM","Cephalgy"
"01aC2ikO4Xgb2LUpf9JfKp","Gary Clark Jr."
"62cbRT8HTVpFfiA7e2jJO0","Dax Riggs"
"6RZUqkomCmb8zCRqc9eznB","Placebo"
"76KTyb3jlFkOgQAwvAImf6","Giant Drag"
"4hvwEwrCmGj22uURGVET7Q","Monster Magnet"
"7iJzyTbWjAykDC3wJHr3Pr","Sunna"
"3bhu7P5PfngueRHiB9hjcx","Elle King"
"3eqjTLE0HfPfh78zjh6TqT","Bruce Springsteen"
"3SAV1dkldDFgF5iW6Hg7rl","Everlast"
"6gZq1Q6bdOxsUPUG1TaFbF","Godsmack"
"1lqW59DUEKqvcHc8mVWBtH","Our Lady Peace"
"3RNrq3jvMZxD9ZyoOZbQOD","Korn"
"2VAvhf61GgLYmC6C8anyX1","Boards of Canada"
"5fikk4h5qbEebqK2Fc6e48","En Vogue"
"1YfEcTuGvBQ8xSD1f53UnK","Busta Rhymes"
"6LqNN22kT3074XbTVUrhzX","Kesha"
"5Y5TRrQiqgUO4S36tzjIRZ","Timbaland"
"4Z8W4fKeB5YxbusRsdQVPb","Radiohead"
"7w29UYBi0qsHi5RTcv3lmA","Björk"
"4F84IBURUo98rz4r61KF70","The White Stripes"
"165ZgPlLkK7bf5bDoFc6Sb","Limp Bizkit"
"3u4HBuoQ4dgPBzX2Q9uf5S","Red Fang"
"4KlYg0F5KG9QNDFKaeTNAy","VNV Nation"
"6FXMGgJwohJLUSr5nVlf9X","Massive Attack"
"6AEIKVwB27miPI3uJxM4Dw","Pickin' On Series"
"4P0dddbxPil35MNN9G2MEX","Cypress Hill"
"48nHO1cuTbpx4ELhChsxX1","Sidewalks and Skeletons"
"5Dejhd4zYKEUm6q1FLr1ik","Khemmis"
"6LuKDKohR1C14BaThVWKfJ","Natural Sound Selections"
"34UhPkLbtFKRq3nmfFgejG","Mogwai"
"0LcJLqbBmaGUft1e9Mm8HV","ABBA"
"5leGNiJMZus51YMNgB18iG","Juliette & The Licks"
"16PcI6JjJuUfPlsX8Ffvfl","Uncle Acid & The Deadbeats"
"5YGY8feqx7naU7z4HrwZM6","Miley Cyrus"
"2PWwVHwBJwSIz5SJ7nkmtt","Allochiria"
"73JEBdDEFeVaOLg3y0HhBD","Natalie Merchant"
"3JVF9a4IJrL7sTSdjXxIqJ","Eddie Hazel"
"7t0rwkOPGlDPEhaOcVtOt9","The Cranberries"
"07jc1IMGtecDZzOL9cP50t","Days Of The New"
"432R46LaYsJZV2Gmc4jUV5","Joy Division"
"1GhPHrq36VKCY3ucVaZCfo","The Chemical Brothers"
"0QJIPDAEDILuo8AIq3pMuU","M.I.A."
"0HVOvIhSNLpfo2rxfKdacJ","The Rain Library"
"1HY2Jd0NmPuamShAr6KMms","Lady Gaga"
"1oKEwFVWeM8KoMK8p5pOoe","The Axis of Awesome"
"32vWCbZh0xZ4o9gkz4PsEU","Dolly Parton"
"40Yq4vzPs9VNUrIBG5Jr2i","The Smashing Pumpkins"
"60df5JBRRPcnSpsIMxxwQm","Otis Redding"
"2lftazVP7IG1illXsbjxti","Fabricantes De Lluvia"
"34EP7KEpOjXcM2TCat1ISk","Wu-Tang Clan"
"02kJSzxNuaWGqwubyUba0Z","G-Eazy"
"6KO6G41BBLTDNYOLefWTMU","P.O.D."
"2RWp2onnQVaS28cK6Kof4a","Rain Sounds For Sleeping,White Noise Rain"
"5GNSiWmGlKoycbxC8htQaH","Rain Recorders"
"4lYtGx5NZQJHsMyhHc5iz3","The Cramps"
"6TcnmlCSxihzWOQJ8k0rNS","Third Eye Blind"
"1BBIIH0h76KN8gYeXFcPjR","Corrosion Of Conformity"
"4iudEcmuPlYNdbP3e1bdn1","Silverchair"
"0wz0jO9anccPzH04N7FLBH","Low"
"5TfnQ0Ai1cEbKY5katFK14","Ladyhawke"
"4htjQW3lgIwL6fEJlTOez4","Electric Wizard"
"6qyi8X6MdP1lu6B1K6yh3h","Silversun Pickups"
"3VZMAucZjqzQ3n9eEsz7gW","Anana Kaye"
"7BFr36uI1dzJyo6tpa5Ued","The Chi-Lites"
"0TImkz4nPqjegtVSMZnMRq","TLC"
"6wE3e84Zg41JF04Z39i5wv","Windhand"
"5JTuitdZNeqTBPMa7QU4g4","The Sleep Helpers"
"1hzMcARZTayoVUZwkkiBUb","Weather Factory"
"3Qs1EAnyqWLaNqk0wHS63M","Rain Sound Studio"
"51ukAfBQWgFxkVk1Bo5Tkf","Deep Rain Sampling"
"6ZK2nrW8aCTg8Bid7I7N10","Chelsea Wolfe"
"36QJpDe2go2KgaRleHCDTp","Led Zeppelin"
"0p4jOOIvRNOeFf8B28hQ1e","Rain Sounds Factory STHLM"
"3Zgj4syrRPwo9zXGbwODPR","Rain Storm Sample Library"
"4TSP5z4tH2k1UX5tGizj2w","Sound Library XL"
"7wqtxqI3eo7Gn1P7SpP6cQ","Salt-N-Pepa"
"28wXAxbwofL7K6bsmHnD6k","Wp Sounds"
"5nSGBmlgUdqWNExnOX8VtV","Rain Sounds"
"6xQDyC92UEZQCySBNTdkyx","Thunderstorm Sound Bank"
"68KvrDM8KF36LHUvTgEIS9","Sounds Of Nature : Thunderstorm, Rain"
"4lrOh2SR7H3guHky2lAYOk","Mother Nature Sound FX"
"0V8tQXWkKPD5SxsB2moGew","The Gregory Brothers"
"317OsNvmAmolBVu7dLWhhD","Chill Bees"
"1JLSWENZYA41LY8C3RfbnK","Big Sounds"
"3D04EJ7Bvcko5xB2UWolID","Decidic FX"
"4zYQWYmtimAEmI6WWEzGfO","Them Crooked Vultures"
"0qxiHjDHTVwI9Q1pcU5jxQ","Lluvia del Bosque"
"0vNfZW2aLWeldSO6KgGJwn","Forest FX"
"0dlOr0VIysztGWvU1dpjmP","Natalie Imbruglia"
"6deZN1bslXzeGvOLaLMOIF","Nickelback"
"22bE4uQ6baNwSHPVcDxLCe","The Rolling Stones"
"6v8FB84lnmJs434UJf2Mrm","Neil Young"
"05sRO4JdAtJGyZQOTb6kSL","Sam The Sham & The Pharaohs"
"7CajNmpbOovFoOoasH2HaY","Calvin Harris"
"5BFLLBEz1g8FcRjBLCVt3e","Rain for Deep Sleep"
"2KYV3dBJ9xpl6SK4Lmv1Ju","Scissorfight"
"6jJ0s89eD6GaHleKKya26X","Katy Perry"
"2Mu5NfyYm8n5iTomuKAEHl","Ms. Lauryn Hill"
"5DSysRe01ABzvmfRLY6HnW","""The Orthodox Singers"" Male Choir, Choirmaster: Georgiy Smirnov"
"2ispra7MLmLF7ZqmyaKwQp","Sleep Tight"
"0uSrH9aWp8RsO5aZSzZHap","Dita Redrum"
"5me0Irg2ANcsgc93uaYrpb","The Notorious B.I.G."
"6Mo9PoU6svvhgEum7wh2Nd","Public Enemy"
"5LfGQac0EIXyAN8aUwmNAQ","The Offspring"
"3S4iELponYOrmaCMbvFdHC","Calmsound"
"3nFkdlSjzX9mRTtwJOzDYB","JAY Z"
"0cmkywqXv8nolEIn8ppzgO","Gentle Rain Makers"
"5nPOO9iTcrs9k6yFffPxjH","Röyksopp"
"7uPHiHePHskbxEyGu1HLZP","Selective Sounds PTA"
"74ASZWbe4lXaubB36ztrGX","Bob Dylan"
"6vBFJ3JwYIzw3nRxy4vpbq","Fang"
"1Kua8JL4qKC0Yz5KMoANYU","Sounds Of Rain & Thunder Storms"
"7unk84t4zHbKT5jihwiY9t","Rain Sounds ACE"
"5SGuAyOqyIejlY3Lxv7CjX","Rain Hard"
"590XQzFKG0wFPkOHupzLPx","Serenity of Sound"
"079hJApt9vUYNFafjxUqDX","Rain Makers"
"2kAU05Lt29wxhRj3BpiwhA","Natural Sample Makers"
"0zaYnC5jWu6BKBz3vnNyZ6","White Noise Meditation"
"0KY8omZ7aQCodbxcCNlamA","Dreams of Dreams"
"1BzGmp4SMvuzzcQ4ukx58A","Winds and Oceans"
"5TwGqGqJXW0bmSzmdCKLp7","Tranquility Spree"
"5ZYniVpbDvHg0ywuRU8Wb7","Sky Fall SF"
"4xoAruVAdJ3SOwVX3px97W","Sample Rain Library"
"4NqS7DbPFYwZmniGHCPMpm","Nature Sounds"
"47MfVCrL7T19D2H9T7C2Rs","Natural Samples"
"5S5w21MfQnpQZXxz6LbNQt","Pro Sounds of Nature"
"3LsiTMFzDQkqnxGKm6Ufik","Sampling XL"
"7N0tO3nzKGJeX9TmbSL9H4","Mother Nature FX"
"0PK6ewFU4DbFB8Eqr58Sct","Acid King"
"1WPcVNert9hn7mHsPKDn7j","Édith Piaf"
"3hY7jnks2m5g2JAUCw4avu","Engineers"
"26dSoYclwsYLMAKD3tpOr4","Britney Spears"
"4Eqd24yS5YcxI8b6Xfuwr8","Eve 6"
"0hCNtLu0JehylgoiP8L4Gh","Nicki Minaj"
"0XHiH53dHrvbwfjYM7en7I","Chris Cornell"
"4tZwfgrHOc3mvqYlEYSvVi","Daft Punk"
"2BVYdY4PyfCF9z4NrkhEB2","Sam & Dave"
"67RqJ79aKddLKuTVXpBOtk","Heavy Rain Sounds"
"2k2F6NpwuAHM69tGWGhovO","Lush Rain Creators"
"2uEOVKQiVJDDBmL5MxHpNv","Rain Sounds of Brentwood"
"4wuRZANCBpXAiLpvvlbpWy","Rain Man Sounds"
"6D6rjLdxyE5vwhMlkuQq0E","Chaos Chaos"
"26s8LSolLfCIY88ysQbIuT","Three 6 Mafia"
"3yQUKaHkSwdGxlk8LxN5iu","The Relaxing Sounds of Swedish Nature"
"4EnEZVjo3w1cwcQYePccay","N.W.A."
"4LdZNE5MHGqvc0N9ivXNF3","The Joy Formidable"
"3Vl9fyKMIdLMswk8ai3mm9","Rebecca Black"
"19sJfp2FK2evlsw46WVhPG","Paul Gilbert"
"31egVIqtDYRFtosw2xCXeF","Jennie Buss"
"1ZwdS5xdxEREPySFridCfh","2Pac"
"06HL4z0CvFAxyc27GXpf02","Taylor Swift"
"0jJNGWrpjGIHUdTTJiIYeB","The Wallflowers"
"48dSb4OvI8hAPpHqBBYyig","Vast"
"711MCceyCBcFnzjGY4Q7Un","AC/DC"
"5zeiqAaIiDrjiDch33A2lT","Popol Vuh"
"57tKlIqKMBPlQkftWeWgmj","Thunderbound Productions"
"0xIChbcTsuYLueN1oEsX9v","(Hed) P.E."
"2wOqMjp9TyABvtHdOSOTUS","Ludwig van Beethoven"
"5KXQd8yuFul8tRacdqaoAe","Darren Housholder"
"2z78AlkdwE2Ghj9EB50M6z","Liars"
