"Demon Cleaner","3HCpwNmFp2rvjkdjTs4uxs","1npen0QK3TNxZd2hLNzzOj",1,52,"2cVphsi72OjF7s0rtt2z5e"
"This World","1hCkSJcXREhrodeIHQdav8","2poAUFGkHetMzM4xzLBVhY",1,52,"41otw6RUcMhVgO1LDOLmFX"
"Baby Please Don't Leave Me","2gCsNOpiBaMNh20jQ5prf0","7bkjnyiMG8mXzmEyfY49wD",1,45,"7JECM65zNFrYIHdvxj8NbO"
"Parenthesis","6hhA8TKRNryM8FNzqCqdDO","2SOYfn2Qcpt0zmKv8slc0S",1,2,"6EibJjsxKk3JwJgDMRJytj"
"Thunder Kiss '65","0CF71zaDOJWCynIkW9bSK8","6Cvv0qNSdZNf9o0j8EohoD",1,57,"4tvBoSWeIW0bjhKNre5mod"
"More Human Than Human","0CF71zaDOJWCynIkW9bSK8","3HugnfabsMODIbxzwxS5xC",1,56,"1NbJFhkVdD47YZ2IojKkJi"
"Five To One","22WZ7M8sxp5THdruNY3gXt","0qZTwrunzX3LG45PvRghmh",1,57,"5FlBGGwGuqYmqr0qeBWrxe"
"Township Rebellion - Remastered","2d0hyoQ5ynDBnkvAbJKORj","4Io5vWtmV1rFj4yirKb4y4",1,49,"4BOOsIe7Zx3SKJAEXgt1YH"
"Silvera","0GDGKpJFhVpcjIGF8N6Ewt","7D7V6M05UIOTjLdqbwRX0w",1,58,"5uunXHE4kIW6uS4HWAXaOQ"
"Sirens","5fuUeZd4SaxYUaK7qQFytt","3jV2udmUEv2g7eyZNHZnnJ",1,16,"17FNoCw22nfI2O4fNEV48w"
"The Regulator","161AC1AVRkIGIMxyj5djFQ","788NGcqAO0Fspr41K6tIQK",1,47,"41NaHuBpjQ0e1mXfJFDoev"
"The Party’s Over","1fSzW5cXBmquli5laFnoGY","3808Yq5c2HqOGKn7DPhX84",1,46,"4o42t3TaRGPdLvVpoKoj4x"
"You're the Top","72o2T9aqYR2PFNYpzYrMmw","6sBNBUjwHGLhHi8QPkungg",1,5,"3gi5gYjmI3ZMXvXQC0Clro"
"Bulletproof","3K2zB87GZv1krx031en5VA","3elHo10HDaxn13uuVhiTWH",1,61,"6lUY6MoqGgPnA27PHYxem5"
"Lonely Road Of Faith","7dOBabd5O4CvKrg4iriHTM","64du8CiAmKAzVswhA3RK4r",1,46,"3HkBKk880ppo4f2wYlRaie"
"Blue (Live)","4DFhHyjvGYa9wxdHUjtDkc","05ghFLMEOZqBJdS76hws7F",1,34,"584mMuJGMRLlTdhspJBMjT"
"Goin' Out West","7x83XhcMbOTl1UdYsPTuZM","5blxyZRgkA735vO40p56MA",1,41,"141XsxpUkbj7AkQKT8vySq"
"The Memory Remains","2ye2Wgw4gimLv2eAKyk1NB","7KDqRmr937ylvGilPGWxfD",1,54,"0vhOJ8a3M2LWnBNrDXJKDl"
"Cowboy - Explicit LP Version","7dOBabd5O4CvKrg4iriHTM","7nFlAxnXMrQRpM1R80pKQm",1,63,"19LT4ZUEeoUdimKE04WJJg"
"Lifter","6Ghvu1VvMGScGpOUJBAHNH","30YN03R4Bjl8Qwz8wPRoXG",1,41,"129Jx52FwTa2pilZohst80"
"One Weak","6Ghvu1VvMGScGpOUJBAHNH","30YN03R4Bjl8Qwz8wPRoXG",1,45,"4Bj9dhsxbIwrblcmBs9BpZ"
"Winds With Hands","0Gq06EJlfPumvCdMsnkJFp","3bpSo7GaNse2zGxaP3yOWh",1,19,"3defPJaBUgKxeXj9Ie2pTW"
"Lowside Of The Road","7x83XhcMbOTl1UdYsPTuZM","0tFQcJyS2Ui3vtiijAEdwS",1,33,"6wFG5cbobLqtH9ROMjJFHy"
"Roving Gangster (Rollin') - Explicit LP Version","7dOBabd5O4CvKrg4iriHTM","7nFlAxnXMrQRpM1R80pKQm",1,37,"1X7XrLsRtbjkwKCOqZwg5y"
"Dangerous Woman","66CXWjxzNUsdJxJ2JdwvnR","3OZgEywV4krCZ814pTJWr7",1,75,"7l94dyN2hX9c6wWcZQuOGJ"
"Sinatra","6Ghvu1VvMGScGpOUJBAHNH","0UArfu79AC2LrQ6lsvohp5",1,28,"4BCaL0JJaTWtgotNNYo1Q2"
"This Room","5Nx3gPpU2OFLI80rv7fDX5","07SpWDN3orMASxFtHXViYA",1,15,"77HoJFhbBuDxlF8uW20nXS"
"Dragula","3HVdAiMNjYrQIKlOGxoGh5","0wY51EfU28wZszAM6kR3Ia",1,63,"4JaJuGSfhcA7kavdgS3yn6"
"Binge And Purge","161AC1AVRkIGIMxyj5djFQ","6GqKUOkUtwaciglqdukJih",1,35,"2lBqQF5G7QCa9dB6oMPYuX"
"Bored","6Ghvu1VvMGScGpOUJBAHNH","30YN03R4Bjl8Qwz8wPRoXG",1,52,"0PicuPCfXDJyyRtOR1ukGW"
"Down Rodeo","2d0hyoQ5ynDBnkvAbJKORj","24E6rDvGDuYFjlGewp4ntF",1,55,"40L8L7344pPMCjlZc19RQU"
"Change (In The House Of Flies) - Acoustic","6Ghvu1VvMGScGpOUJBAHNH","0UArfu79AC2LrQ6lsvohp5",1,35,"1B7QMxhxKSHbYBXoSXJzGk"
"Prayer To God","6I8R5MFTlez7rHCsH4cx0u","0UHOnddWyAQlP4s8Q1YeKR",1,41,"3jAbhqTcpsUxlA4x1suTBz"
"Salt The Earth","7pwThElmrxl0pjTwXMojCx","3ZonNd7UfpV28GA1ZUys7o",1,33,"6oKX1TgLtindgaex4yQXlD"
"Night and Day","72o2T9aqYR2PFNYpzYrMmw","6sBNBUjwHGLhHi8QPkungg",1,5,"0K9C8L73jEyrIDyD6Y7k6f"
"Tennis Court","163tK9Wjr9P9DmM0AVK7lm","6rnzvZhe3PA57xKcKLRtJ6",1,56,"4ivBdCI1s9f6yDWFUvBtZo"
"Rock N Roll Outlaw","161AC1AVRkIGIMxyj5djFQ","5snxt6YTFHrBD8ACd0hPJA",1,35,"4t9K7T9zZd4GcKMv6H0TqL"
"Bombtrack - Remastered","2d0hyoQ5ynDBnkvAbJKORj","4Io5vWtmV1rFj4yirKb4y4",1,63,"2rBHnIxbhkMGLpqmsNX91M"
"Altar Of Sacrifice","1IQ2e1buppatiN1bxUVkrk","2DumvqHl78bNXuvU9kQfPN",1,41,"3ci1aGelb4y8BxI5abOwCH"
"Gold Lion","3TNt4aUIxgfy9aoaft5Jj2","4vILeh9sgKiDXnyL2pHCiz",1,53,"6ttg1sxtU12beFZkjoc6j5"
"Die Alone","6DX31A4wAIGzrnZXYYXUke","0oGSCK0cEKQJqf4qPriYud",1,27,"7IzhbKMejp06OaN8JeCIAo"
"Bawitdaba - Explicit LP Version","7dOBabd5O4CvKrg4iriHTM","7nFlAxnXMrQRpM1R80pKQm",1,63,"0f37VQs969vZUL4gVfHRV9"
"Judith","4DFhHyjvGYa9wxdHUjtDkc","0GeWd0yUKXHbCXVag1mJvO",1,65,"5KDNFlHAdDJ84fhK27c35X"
"One","2ye2Wgw4gimLv2eAKyk1NB","7CNQl7thCP0pDllX1lehLM",1,70,"10HlI5OL8VIdMh2CaymhbD"
"Brush Away","64tNsm6TnZe2zpcMVMOoHL","49R4Qye4UUwzjPPQhtCkRe",1,45,"6rquGIY6gUgWAlcD9bzdGT"
"Ice on the Sheets","6LAwiATl5lQ3Uwh3llJpJI","2OjkccSNDvlu24qZEVfRCD",1,28,"17k0fWvLNT8gKWckTjAVqq"
"Dead Skin Mask","1IQ2e1buppatiN1bxUVkrk","416nVgqae48Dw0EjD6N4EU",1,50,"2L2XquxTZBmzzNBCPCzq0p"
"Tristesse/joie","0WbqAlM1WvfUD6dF7omThd","2UiP7sGjSxl52QtlWAXYVy",1,34,"782OONM1PMurXVSIyINPvY"
"Under a Waterfall (Relaxing Sounds)","59FRAcMcsHQupc8lupy5uH","1hnITnE98zsV3NUBb9umhi",1,55,"4NlsctTVxrTknjeiOKAdsr"
"Raining Blood","1IQ2e1buppatiN1bxUVkrk","2DumvqHl78bNXuvU9kQfPN",1,63,"01Mpj13vURSO3cCLprPt5T"
"Leathers","6Ghvu1VvMGScGpOUJBAHNH","4PIVdqvL1Rc7T7Vfsr8n8Q",1,46,"0RLhtEt50QUwKXNwKI4dSJ"
"No One Knows","4pejUc4iciQfgdX6OKulQn","58HZZpS0wxJKwGjoerg0mk",1,69,"6NvRxjfYkkT2SpirAlmsjH"
"Rain at Breakfast","3RchxeOVaDXmQRBWeL5CNZ","1LJRZdNhcKvJBZaslynq4h",1,46,"1rSuuvu4pp2OEeyvJqcXIN"
"Master Of Puppets","2ye2Wgw4gimLv2eAKyk1NB","6HrJ1inCYhLfhENJlNbSEf",1,69,"7HwB4zc7tS1lyw4Ay7fcmq"
"More Human Than Human","0CF71zaDOJWCynIkW9bSK8","0wY51EfU28wZszAM6kR3Ia",1,48,"1uEuVi8nSI6Y2VzJj6DoDd"
"The End / Aftermath","5fuUeZd4SaxYUaK7qQFytt","3jV2udmUEv2g7eyZNHZnnJ",1,7,"5cAKgQQnfKMaoi13fapkry"
"Simple Man","6Ghvu1VvMGScGpOUJBAHNH","0UArfu79AC2LrQ6lsvohp5",1,37,"5wf4k2z5mlfWIlE4wkqo8A"
"Beat the Devil's Tattoo","1tpXaFf2F55E7kVJON4j4G","04Aq1J0F5FcUUSEhFziTYc",1,58,"2iPTESocncak2Q45oXzKOG"
"Battery","2ye2Wgw4gimLv2eAKyk1NB","6HrJ1inCYhLfhENJlNbSEf",1,60,"4xdS8IfmiGxTixo5h7A1eM"
"Stitches","4uYwLU7k03RCQSRXGtQGg0","5iprjaDXa5reRKpCL6L99A",1,48,"5Y76U25W2UAZF9AwfrFAoJ"
"Video Phone - Extended Remix featuring Lady Gaga","6vWDO969PvNqNYHIOW5v0m","1wuC0jj7341uFOuCyqzwe8",1,53,"2nX9948PslVYrrHUf6w0eL"
"Around the Fur","6Ghvu1VvMGScGpOUJBAHNH","7o4UsmV37Sg5It2Eb7vHzu",1,54,"3Fwe3XoPOiyWUPYdBKMTqV"
"Bodyrock","3OsRAKCvk37zwYcnzRf5XF","3wRlU7n3LULfjL0e9RtB5Q",1,46,"1Go2Lyy4cQNKCz0PzUkj9S"
"To Our Friends In the Great White North","4kRYDoAbgDL7nqeqZhJlA3","7B06vu7RmpmD63PlUY1Yui",1,31,"2pD3YNzsMsXWX0DLG6uckv"
"We Are 138 - 1995 Digital Remaster","1cXi8ALPQCBHZbf0EgP4Ey","7dUrduNuWHYQ8pdDKtBedD",1,46,"3TQ4GxL3oghmLVpUD1oKmb"
"Revenge","4RddZ3iHvSpGV4dvATac9X","3VdXq4YQIt3ugs05SjFmsD",1,36,"6p4corR8e9KLGgL6lFrI8U"
"Rain on the Canopy","3RchxeOVaDXmQRBWeL5CNZ","1LJRZdNhcKvJBZaslynq4h",1,47,"0UhRFstE9JtsZwWRNU4aox"
"Just Go","5KDIH2gF0VpelTqyQS7udb","4fLp0YBi1chfMHSBkIeI6w",1,43,"45chhYFgWlUNobpEMq7PxP"
"Parallel Universe","0L8ExT028jH3ddEcZwqJJ5","0fLhefnjlIV3pGNF9Wo8CD",1,47,"3ZwxczCIlt4nA7czQaugvM"
"Highball With The Devil","17RsbUhjNq6WdID2oC90c1","4kQPgViVcNU5AxEOSDg1nN",1,31,"4YFVmlODRV6huVE40Iit4i"
"Watching the Rain","3RchxeOVaDXmQRBWeL5CNZ","1LJRZdNhcKvJBZaslynq4h",1,46,"58DtNpxGYWQPYz0naQB0xK"
"Rain When I Die","64tNsm6TnZe2zpcMVMOoHL","58NXIEYqmq5dQHg9nV9duM",1,52,"6a9SPVrXyrlVh5Fh08f8Bz"
"Rain - Sound of Nature","4ToeMkcsq0zhpiXKr6PJFx","58OaLymZ6tAkUr95SUHWuz",1,55,"77Hlo4XThB0Ns6emaKOXE6"
"Fuel","2ye2Wgw4gimLv2eAKyk1NB","7KDqRmr937ylvGilPGWxfD",1,60,"1tTPC0hsnXq1IGpvWY54JC"
"My Heart Belongs to Daddy","72o2T9aqYR2PFNYpzYrMmw","6sBNBUjwHGLhHi8QPkungg",1,10,"21wjFtKzncVXAF542K2mq5"
"Born To Die","00FQb4jTyendYWaN8pK0wa","4X8hAqIWpQyQks2yRhyqs4",1,51,"3eRZZ4d2RJSqFKzP7tSdFE"
"My Summer Vacation","3Mcii5XWf6E0lrY3Uky4cA","4k5sb7GI0J55nMSyIHJsXg",1,47,"6cvh4pnFG4V6md9pEglFhE"
"Breaking Up Somebody's Home - Edit","5aygfDCEaX5KTZOxSCpT9o","0UL76F1K2R0F3tgdFrttnw",1,9,"7zveb174tlLbWILaJkNlnE"
"Kiss From A Rose","5GtMEZEeFFsuHY8ad4kOxv","3Fb7L1abcJbTt729nCq2eZ",1,56,"0z5E34e7ZT3XKMYQNXh6tH"
"Reptilian","0X380XXQSNBYuleKzav5UO","4j7sUB8rth2ef8WyF40YQp",1,17,"1ddpVX5ZwEjN6noTYLQdTa"
"Love for Sale","72o2T9aqYR2PFNYpzYrMmw","6sBNBUjwHGLhHi8QPkungg",1,7,"2zxfd7SAtRUru98db3lWXr"
"Living Dead Girl","3HVdAiMNjYrQIKlOGxoGh5","0wY51EfU28wZszAM6kR3Ia",1,53,"6fVctUhzgJFq0iuWe4qE6P"
"400 Lux","163tK9Wjr9P9DmM0AVK7lm","6rnzvZhe3PA57xKcKLRtJ6",1,56,"7ynvnjTj1XI8ByUq3F8MUw"
"Edith Loves Albert","72o2T9aqYR2PFNYpzYrMmw","5VfGAazk1fVV5jnJ7qHwju",1,7,"0CzdXh5UZWYR2Vc6ceSbD3"
"Here Come The Bastards","64mPnRMMeudAet0E62ypkx","2sjF68plsvYE7M3FaMf6rD",1,36,"1ah0iHCmLvGnPMsRYAveIs"
"Over The Falls","64mPnRMMeudAet0E62ypkx","5pMKUatozMBPna8zRe3uWT",1,31,"61Jqo871YC5Fj77ekSkgzZ"
"I'm Broken","14pVkFUHDL207LzLHtSA18","70GAqt2avSiKBJ2IEymou1",1,63,"2M5WTwqnkyz7bW6P1CiD6q"
"Lives","1yAwtBaoHLEDWAnWR87hBT","7qrnIySCks1I20KdsXxBxc",1,41,"2ROQMg9bSzYg29qs0JLALO"
"Buried Alive","3TNt4aUIxgfy9aoaft5Jj2","1LQZp37z82iTVxillq6K59",1,27,"2rF3jFd4qVFlBnbBbF9mnV"
"Another Glass of Wine","72o2T9aqYR2PFNYpzYrMmw","5VfGAazk1fVV5jnJ7qHwju",1,7,"6CjuYY7YrE6xfn6wXBXJnD"
"Nothing Compares 2 U","4sD9znwiVFx9cgRPZ42aQ1","34hQFIwGTLf03BZQmGL0iy",1,68,"3nvuPQTw2zuFAVuLsC9IYQ"
"I Disappear","2ye2Wgw4gimLv2eAKyk1NB","412VzhW8RnyldxUxC5pb8G",1,52,"51Vic2Yi71YKNtLbyJKgQt"
"Begin the Beguine","72o2T9aqYR2PFNYpzYrMmw","6sBNBUjwHGLhHi8QPkungg",1,8,"6PRr4u7TT9LgVHPjc7xnB2"
"Organ Grinder","2VYQTNDsvvKN9wmU5W7xpj","1SmsWlQZojAXz5H0i26bRl",1,38,"6T1HM2y4KgdPHKTeHpuedV"
"Parallel Universe","0L8ExT028jH3ddEcZwqJJ5","2Y9IRtehByVkegoD7TcLfi",1,64,"1Se0r96r0gnqg67kJPmESc"
"Prowler","5fuUeZd4SaxYUaK7qQFytt","0X2cBnRj19Jcv9EPhs4IBL",1,10,"3GxsrZ183IeOzjtbo4uXgU"
"Buzzcut Season","163tK9Wjr9P9DmM0AVK7lm","6rnzvZhe3PA57xKcKLRtJ6",1,57,"3ShTaJBCOclymogQNzPde7"
"Anarchy","3V4IvzRQYP5mzuVtkcHgVa","6g99frcxtUThvTjTwo9LfC",1,43,"0VC1EpCNjQRGWtxabI7fK6"
"Redemption Day","6kACVPfCOnqzgfEF5ryl0x","5PhCQ5zV8DEsMBnyiZbwKd",1,49,"3yiIyJMMR5rbAQFWXYrsdj"
"Frozen","6tbjWDEIzxoDsBA1FuhfPW","6cuNyrSmRjBeekioLdLkvI",1,54,"2II03llydk4YnkBBvoYB3B"
"Jesus Saves","1IQ2e1buppatiN1bxUVkrk","2DumvqHl78bNXuvU9kQfPN",1,41,"02TnbyTjofMSpDAa1ywHKH"
"I Love Paris","72o2T9aqYR2PFNYpzYrMmw","6sBNBUjwHGLhHi8QPkungg",1,8,"4FJI9lJJrJn4xPhhfr2Tof"
"New Faith","1IQ2e1buppatiN1bxUVkrk","1SqpXb3ugUynp0iZgOSWrI",1,38,"1lNFq0fRu2Z8jDBX85ySQ0"
"A Different City","1yAwtBaoHLEDWAnWR87hBT","7qrnIySCks1I20KdsXxBxc",1,41,"2n6UaxBCDodmV8osVV4Jcv"
"Crazy In Love","6vWDO969PvNqNYHIOW5v0m","6oxVabMIqCMJRYN1GqR3Vf",1,80,"5IVuqXILoxVWvWEPm82Jxr"
"Think","7nwUJBm0HE4ZxD3f5cy5ok","55HZ2ectg1mMTEKDqIq3kC",1,60,"4yQw7FR9lcvL6RHtegbJBh"
"Free Bird","4MVyzYMgTwdP7Z49wAZHx0","6DExt1eX4lflLacVjHHbOs",1,71,"5EWPGh7jbTNO2wakv8LjUI"
"Like The 309","6kACVPfCOnqzgfEF5ryl0x","40ObOkEaQKVmcJ6k1W2xMg",1,34,"6Bhr1syxudcSLlZ4Rd0Hwl"
"People of the Sun","2d0hyoQ5ynDBnkvAbJKORj","24E6rDvGDuYFjlGewp4ntF",1,58,"3QjQp2bfAvLTCSi8Zhzqis"
"Angriff","5QYAExYvxixCVwX70SRf7F","3aDDsyeoq7IuXu0ORtZYtJ",1,28,"6ai4cHELlSjp7gPMdp4hql"
"Look What All You Got","2gCsNOpiBaMNh20jQ5prf0","7bkjnyiMG8mXzmEyfY49wD",1,20,"1zzB4RwmZU3owvsCRHWWcM"
"Ribs","163tK9Wjr9P9DmM0AVK7lm","6rnzvZhe3PA57xKcKLRtJ6",1,57,"0TEekvXTomKt3hdXDZxxeW"
"Deviance","1IQ2e1buppatiN1bxUVkrk","1SqpXb3ugUynp0iZgOSWrI",1,32,"11ydJGxc6EOn8uISbSx3cb"
"What If","43sZBwHjahUvgbx1WNIkIz","3Nyjm9NBEdiaiWr2BEaV46",1,51,"22bX2FwXSvG49G0bPWm5nc"
"Padam, Padam","72o2T9aqYR2PFNYpzYrMmw","5VfGAazk1fVV5jnJ7qHwju",1,8,"2HiPlkM0T8TnQKawq8cJn6"
"Spilled Milk Factory","6LAwiATl5lQ3Uwh3llJpJI","2OjkccSNDvlu24qZEVfRCD",1,31,"1DfmVT12KRRYPD6miVrUq5"
"Man Overboard","2pAajGWerK3ghwToNWFENS","3qXWygv1NsvKlahaapA6xc",1,41,"36YmduLhc2Tg2vVh4VVzfx"
"Toma","2pAajGWerK3ghwToNWFENS","3qXWygv1NsvKlahaapA6xc",1,39,"48fvnbjH6Eb8UkiybyOc1O"
"Sleep Now In the Fire","2d0hyoQ5ynDBnkvAbJKORj","2eia0myWFgoHuttJytCxgX",1,66,"1MQTmpYOZ6fcMQc56Hdo7T"
"Papercut","6XyY86QOPPrYVGvF9ch6wz","6hPkbAV3ZXpGZBGUvL6jVM",1,75,"1Vej0qeQ3ioKwpI6FUbRv1"
"Grand Canyon","2pAajGWerK3ghwToNWFENS","3fb2z5LGbkUK02bWiGSMxf",1,48,"05jMuaOV7rzHPuGyrX6Alc"
"Until It Sleeps","2ye2Wgw4gimLv2eAKyk1NB","5rI3pfrpvmdYtGAsBwaGec",1,53,"63aVbch5VRXtQnCITdeDTZ"
"Thunder Storm","2J0vvlL7LWu4kRpHmOfKOY","57vNKrBIksXxeTwDUQlFCc",1,61,"1A5tF1IAk2bfvFsuP6qy3Z"
"Ain't No Grave","6kACVPfCOnqzgfEF5ryl0x","5PhCQ5zV8DEsMBnyiZbwKd",1,57,"1xADYlM5rjnbJvAW2tc0qF"
"Blood (Evil Mix)","3V4IvzRQYP5mzuVtkcHgVa","6We2VFbkhbRCQNX7Vud8aY",1,21,"2KPufHnoonnZr00gLFUvaB"
"Tumbleweed","2pAajGWerK3ghwToNWFENS","3qXWygv1NsvKlahaapA6xc",1,40,"2X5cFLy2501JyiNyuKriuJ"
"Florent","1jBvrsp1xA0bvx5tJstcYc","5CKMRVmWZ3nE16yR5yg04T",1,32,"2lPJHdNNSstaJNjEYzpwEG"
"The Humbling River","2pAajGWerK3ghwToNWFENS","2rDBeHRM12UkqAsPdKSsKN",1,53,"2t3ezqieuK6RRav66q9bQF"
"Freedom - Remastered","2d0hyoQ5ynDBnkvAbJKORj","4Io5vWtmV1rFj4yirKb4y4",1,55,"48lQegoLqGAzaRLnMwK0mO"
"Gott Maschine Vaterland","5J9IfqV0foP1v0hzqsPWzM","1lCfyOJzmVWl5OTbD8RIZi",1,25,"49fXrOqmiX7CDfRF1OM1uS"
"Things I Don't Remember","6LAwiATl5lQ3Uwh3llJpJI","2OjkccSNDvlu24qZEVfRCD",1,37,"4HHo0uyqgBgoFVBKS7ux7M"
"Drag the Waters","14pVkFUHDL207LzLHtSA18","4LdquqwQoyu1pE6Vq8PIha",1,48,"5t8sFMJ2aQaHqLnrAd4Q40"
"Mr. Krinkle","64mPnRMMeudAet0E62ypkx","33kPJ8JFTSNiOUvpFd24pG",1,36,"6VEn2d1Qyxv13xOKZudotA"
"Royals","163tK9Wjr9P9DmM0AVK7lm","6rnzvZhe3PA57xKcKLRtJ6",1,55,"7BFI9QZPQKgYuR2HhDgwbG"
"Heroin","72o2T9aqYR2PFNYpzYrMmw","4u1eopJkfGGDBqqwPAbsqL",1,23,"1tnaSqLgK4HxsaEABx3Qcm"
"American Life","64mPnRMMeudAet0E62ypkx","2sjF68plsvYE7M3FaMf6rD",1,45,"09WwqFDqX2zv8rlvf4xYAk"
"Cold Night in Soho","72o2T9aqYR2PFNYpzYrMmw","4u1eopJkfGGDBqqwPAbsqL",1,11,"36hpEn7fCkSwyy7Ih8NI0p"
"Numb","01aC2ikO4Xgb2LUpf9JfKp","0YaeFHEYGpdzdFIxDRFvCv",1,45,"3HyiHXZdB5CQTTtxIXYwJs"
"Turn The Page","2ye2Wgw4gimLv2eAKyk1NB","5b7HQ04lPT7eGJQ7fmVsjC",1,58,"7HPhrbgMHV5cUskknWA2oo"
"50 Million Year Trip (Downside Up)","3HCpwNmFp2rvjkdjTs4uxs","7wXj8GxTkGAUU99DXR7n2f",1,43,"1rcdPPsFokyqj8KF51xCHV"
"Say Goodnight to the World","62cbRT8HTVpFfiA7e2jJO0","0nRnfad7zSi5tkTtRLOydG",1,29,"2P7aIxPy82xwHKqJkeNVYL"
"Pure Morning","6RZUqkomCmb8zCRqc9eznB","2cDDG5rnwEgjNL8Q0cO9Zd",1,61,"1TqmZVIyeD4aN4Wa0wbnfy"
"Wicked Game","76KTyb3jlFkOgQAwvAImf6","3VpuH339xYTQl8XskD4HdP",1,32,"0nUckSYmyJCaYv1fa0VW8K"
"Smoke and Mirrors","2pAajGWerK3ghwToNWFENS","3fb2z5LGbkUK02bWiGSMxf",1,43,"0EAVieKPvmrkjIPVR5DDqj"
"Look To Your Orb For The Warning","4hvwEwrCmGj22uURGVET7Q","6vmAaaRJHTD6z47hItmOux",1,32,"0hXpC8CI25VOT8qNV1nr8l"
"Let's Do It","72o2T9aqYR2PFNYpzYrMmw","6sBNBUjwHGLhHi8QPkungg",1,5,"1FSiQjSfme9xB9dokhO1IV"
"Bloodline","1IQ2e1buppatiN1bxUVkrk","1SqpXb3ugUynp0iZgOSWrI",1,46,"2RJba1by26f8314u8IgMta"
"Power Struggle","7iJzyTbWjAykDC3wJHr3Pr","3W5C0852rgSRCYkU3Fq60f",1,38,"4bagnt07dk2inJxDkfnmp7"
"Thunder Kiss '65","0CF71zaDOJWCynIkW9bSK8","0wY51EfU28wZszAM6kR3Ia",1,43,"5YMOmehjfRxEQcWPuv4ZG8"
"Dog's Gonna Bark At You","6kACVPfCOnqzgfEF5ryl0x","40ObOkEaQKVmcJ6k1W2xMg",1,65,"6RFkVsPmrM4pzlDkFswwJl"
"Jackson","3bhu7P5PfngueRHiB9hjcx","0B4eikFaUJcf3hc6DaSVov",1,41,"6WgOLU1u5rtuOG3pSqihKx"
"Heroine and Cocaine","72o2T9aqYR2PFNYpzYrMmw","62yusTjZ4KOdMc291BFbuL",1,24,"6tGnHofSlIFokj7bh9QiRa"
"Salvation Army","72o2T9aqYR2PFNYpzYrMmw","4u1eopJkfGGDBqqwPAbsqL",1,19,"6tc5nFQeGAA1XcgFG49sSR"
"Nebraska","3eqjTLE0HfPfh78zjh6TqT","6yskFQZNlLYhkchAxELHi6",1,49,"7GDIQqD5pdHCda5rpZ98Ie"
"What It's Like","3SAV1dkldDFgF5iW6Hg7rl","3APVCDFvi77ex2VZxl4pWS",1,61,"0kEQwPz9SrMN8E5iL9cxQL"
"Shadow Of A Soul","6gZq1Q6bdOxsUPUG1TaFbF","6yOWKkrlpmUWOC5yndULeq",1,33,"4fQLxewkCEBrhGwVizkkm0"
"March Rain","3RchxeOVaDXmQRBWeL5CNZ","1LJRZdNhcKvJBZaslynq4h",1,41,"2u5DQDoEHyLJ0tRhLmUm0e"
"Baby's Dead","72o2T9aqYR2PFNYpzYrMmw","5VfGAazk1fVV5jnJ7qHwju",1,7,"0nOG03hTupacqQoTe7HDrH"
"Team","163tK9Wjr9P9DmM0AVK7lm","6rnzvZhe3PA57xKcKLRtJ6",1,56,"15jRg8Ejs7X3JEHw38TSN3"
"Honey","3OsRAKCvk37zwYcnzRf5XF","3wRlU7n3LULfjL0e9RtB5Q",1,54,"52tILLw5fRKqPbe5ps1QLL"
"Automatic Flowers","1lqW59DUEKqvcHc8mVWBtH","4qR92pgYZPRNV6GA9gC7OC",1,33,"5k3SkFI1sAACwnIDVsMk9g"
"Freak On a Leash","3RNrq3jvMZxD9ZyoOZbQOD","0gsiszk6JWYwAyGvaTTud4",1,74,"6W21LNLz9Sw7sUSNWMSHRu"
"Snakes","4RddZ3iHvSpGV4dvATac9X","3VdXq4YQIt3ugs05SjFmsD",1,35,"4sjQUYlkRIjekhD92oXqFp"
"Dayvan Cowboy","2VAvhf61GgLYmC6C8anyX1","0wBiN0fKhy0ywx732SpgUs",1,55,"4Y2W4zKa3q72ztbkA0r8Va"
"Don't Let Go (Love)","5fikk4h5qbEebqK2Fc6e48","3mn8mLqRknZCD8o7Ruy4BN",1,63,"06TuMCjDEYjTOJScCRzmjf"
"3 Inch Horses, Two Faced Monsters","1yAwtBaoHLEDWAnWR87hBT","4FGdH46dS0XB6wXiI8onbB",1,27,"0Auexy73VSJpdTnt3IkGs0"
"Still Sane","163tK9Wjr9P9DmM0AVK7lm","6rnzvZhe3PA57xKcKLRtJ6",1,53,"0t1D6NQt3uhZnam0yg8Wv3"
"Ruiner","0X380XXQSNBYuleKzav5UO","3i13RcPnJ0AkHEamweLGhq",1,42,"1f0yDwWSL8i0VDFF5OWssP"
"Romantic Dreams","6Ghvu1VvMGScGpOUJBAHNH","4PIVdqvL1Rc7T7Vfsr8n8Q",1,50,"23ZfYXdy2deoaf4u1XObHZ"
"Mudshovel - Explicit Album Version","5KDIH2gF0VpelTqyQS7udb","4fLp0YBi1chfMHSBkIeI6w",1,68,"6264zKFgXM13JuRBX4MMyD"
"Those Damned Blue-Collar Tweekers","64mPnRMMeudAet0E62ypkx","2sjF68plsvYE7M3FaMf6rD",1,35,"7sIjZxhdIOKB92n8oaZ4hK"
"Put Your Hands Where My Eyes Could See","1YfEcTuGvBQ8xSD1f53UnK","6nPdlsKWGOFepgMMXTZReP",1,65,"1NHwvBmrUje4L1dxfWnXCH"
"Blow","6LqNN22kT3074XbTVUrhzX","3GhnFolMJn8Ua8KieFZSBQ",1,64,"5FQazQxWUHsJ8QDaXLdFzR"
"Apologize","5Y5TRrQiqgUO4S36tzjIRZ","0V7TZQmJBgI81M9Z7GWxCI",1,63,"6ucR4KfvsBFWCMVFDvyKKl"
"The Harold Song","6LqNN22kT3074XbTVUrhzX","3GhnFolMJn8Ua8KieFZSBQ",1,53,"4K41YQFFNY45aAZXzBb9Q3"
"Rene","72o2T9aqYR2PFNYpzYrMmw","5VfGAazk1fVV5jnJ7qHwju",1,8,"0DYwdfXy4x2rlTKQkzGcVW"
"Glory And Gore","163tK9Wjr9P9DmM0AVK7lm","6rnzvZhe3PA57xKcKLRtJ6",1,55,"0SK9wxN40P6jlcMfTSAe0V"
"Bulls On Parade","2d0hyoQ5ynDBnkvAbJKORj","24E6rDvGDuYFjlGewp4ntF",1,74,"0tZ3mElWcr74OOhKEiNz1x"
"Otherside","0L8ExT028jH3ddEcZwqJJ5","2Y9IRtehByVkegoD7TcLfi",1,80,"64BbK9SFKH2jk86U3dGj2P"
"La Musique","0WbqAlM1WvfUD6dF7omThd","5i1czdY17oRUXvKRHyilUw",1,15,"7sr03MIxbWlC9eKGu4lWqK"
"Reckoner","4Z8W4fKeB5YxbusRsdQVPb","7eyQXxuf2nGj9d2367Gi5f",1,63,"56Z7hbyMrndw1naxb6I5Oi"
"Army Of Me","7w29UYBi0qsHi5RTcv3lmA","2Ul7B1LEHxXzYubtkTMENs",1,53,"3vEmpJQC2p8h0U3OiBufQm"
"The Return Of Sathington Willoughby","64mPnRMMeudAet0E62ypkx","5pMKUatozMBPna8zRe3uWT",1,27,"5LApKMxL0J8hBl3IuvCCBG"
"The Hardest Button To Button","4F84IBURUo98rz4r61KF70","48Atx1uS9J4KL5iQt3weoS",1,57,"5vVwPth7ccUHil5wsUG7ky"
"Nookie","165ZgPlLkK7bf5bDoFc6Sb","3HCCUaRSjHSFOe4fqE0BiP",1,58,"1TEZWG1FdjzDdercCguTwj"
"Over The Falls","64mPnRMMeudAet0E62ypkx","3eI0FhygfWcdgI3GZdLXFT",1,35,"1vFfpCGY1FZjzyVsUWTp9U"
"Wake Up - Remastered","2d0hyoQ5ynDBnkvAbJKORj","4Io5vWtmV1rFj4yirKb4y4",1,63,"2QiqwOVUctPRVggO9G1Zs5"
"All of You","72o2T9aqYR2PFNYpzYrMmw","6sBNBUjwHGLhHi8QPkungg",1,5,"2kiuexOOT9KYhydE41VCxl"
"Blackened","2ye2Wgw4gimLv2eAKyk1NB","7CNQl7thCP0pDllX1lehLM",1,58,"3UPNqj12I2gMRpOvyDeVtK"
"Last Of My Kind","64tNsm6TnZe2zpcMVMOoHL","2vkLky2qG0rziUk0eOsIZ9",1,44,"4ayVDEOV4WR10YQ9D4pfxO"
"Bury The Evidence","6hhA8TKRNryM8FNzqCqdDO","76Zg0RE2Fin7AqBSTFFrDF",1,16,"4ppTfNeRVLf3dwDHipC1zy"
"Wires","3u4HBuoQ4dgPBzX2Q9uf5S","5RQlhjpn4qz3q2vRrAGYD9",1,53,"4yl1IpHPuXUV2MjxXy6hZn"
"Rubicon","4KlYg0F5KG9QNDFKaeTNAy","7fSSsXxAJI1v9ClpIXGAGY",1,29,"6OU3XgmPw6IqJacZEojmdQ"
"Without a Face","2d0hyoQ5ynDBnkvAbJKORj","24E6rDvGDuYFjlGewp4ntF",1,48,"3DdOsUq1M9mJBFVR0xbSOx"
"Angel","6FXMGgJwohJLUSr5nVlf9X","49MNmJhZQewjt06rpwp6QR",1,62,"7uv632EkfwYhXoqf8rhYrg"
"(You Make Me Feel Like) A Natural Woman","7nwUJBm0HE4ZxD3f5cy5ok","7lEOKZaOpqP70UYqdLPejG",1,63,"5K09WxKdlkroDyEVyOSySy"
"A Different City","6AEIKVwB27miPI3uJxM4Dw","3hewWfO0hKXbAFfcsmpYk5",1,26,"7oEFRIwANUFgL7XR9jAtzW"
"(Rock) Superstar","4P0dddbxPil35MNN9G2MEX","31XG9UWJIXSXSsPUEsh3D2",2,61,"5hYr8yRbQLFE20oS7Mi3T2"
"Uptight Downtown","3K2zB87GZv1krx031en5VA","5RDoYTf4YYNQby1ECCwR2C",1,41,"0o1WzHAdTdI0jpgghsOm2h"
"White Teeth Teens","163tK9Wjr9P9DmM0AVK7lm","6rnzvZhe3PA57xKcKLRtJ6",1,57,"15LzvCtoJWwsrTWJMWUTOv"
"I Am The Bullgod - Explicit LP Version","7dOBabd5O4CvKrg4iriHTM","7nFlAxnXMrQRpM1R80pKQm",1,47,"1k29zSC5RfaFYK5bTpK5O3"
"Fall","48nHO1cuTbpx4ELhChsxX1","0Iq6APTGuGPe875jV0rIw2",1,28,"2cEx8Z8Of0qQu9Ict1MIMk"
"Screwed Blues","72o2T9aqYR2PFNYpzYrMmw","4u1eopJkfGGDBqqwPAbsqL",1,12,"2kitgtVooh6K2DP82d2BSI"
"Let's Drink","72o2T9aqYR2PFNYpzYrMmw","4u1eopJkfGGDBqqwPAbsqL",1,15,"3SOFpIiJjy2Gd7soAYeSaW"
"Je veux te voir","0WbqAlM1WvfUD6dF7omThd","2UiP7sGjSxl52QtlWAXYVy",1,56,"4H9637mkUDyk9Rq0WgDEwc"
"Årsgång","5fuUeZd4SaxYUaK7qQFytt","3jV2udmUEv2g7eyZNHZnnJ",1,6,"5TYlIScUTjteKCyg5bv8D3"
"Zero","3TNt4aUIxgfy9aoaft5Jj2","2SIaQf1NRVarE8HDX5j8zG",1,49,"5mfA2CBzQeGiTk9wFItCsS"
"Burden of Sin","5Dejhd4zYKEUm6q1FLr1ik","0whX4FnppEoGJvKmwDrTxX",1,20,"77HMiFV9oanZ8I6lgsUvqN"
"Pierrot Clown","72o2T9aqYR2PFNYpzYrMmw","4u1eopJkfGGDBqqwPAbsqL",1,10,"0hS6vBkXOYTI8m3iI73jip"
"The Creeper","0Gq06EJlfPumvCdMsnkJFp","4tu3vMRlLI3oxxlmbyFKqR",1,30,"1O2Vnk6qEVU8kNrzvucrFw"
"Good Day To Die","6gZq1Q6bdOxsUPUG1TaFbF","6yOWKkrlpmUWOC5yndULeq",1,47,"1cxCqerH9jNz1B6xnlT02y"
"Ether","34UhPkLbtFKRq3nmfFgejG","2Gu5iT3SScbBq7gSNuPtqm",1,41,"1nUcBUA5xahpjWjR9tAjC0"
"Ba$$in","0WbqAlM1WvfUD6dF7omThd","2jgb0dt6ix8RRvJWmDRb5Z",1,43,"2Ab2xJJw3hcXBi7LZM3PC5"
"Ce jeu","0WbqAlM1WvfUD6dF7omThd","2UiP7sGjSxl52QtlWAXYVy",1,49,"2KjJhGtseXQBI5Cg6ZZdc9"
"Spacegrass","161AC1AVRkIGIMxyj5djFQ","5snxt6YTFHrBD8ACd0hPJA",1,48,"2Mor7Tp1w61mPKozLewqey"
"Gimme! Gimme! Gimme! (A Man After Midnight)","0LcJLqbBmaGUft1e9Mm8HV","0zdZSyxWaYmaRMPeUHcG1K",1,56,"2PzCOP5Aj9SABiBgNEZ52G"
"Inside The Cage","5leGNiJMZus51YMNgB18iG","2CTB9yYHcORb99ZHR1X0tY",1,30,"2XGYjKEN7JMhB9LuWkHKfO"
"I'll Cut You Down","16PcI6JjJuUfPlsX8Ffvfl","7ErSMqOB05MvbEaChLgMWu",1,46,"2dG9WPQ9890aU2MfpJBnde"
"Kick out the Jams","2d0hyoQ5ynDBnkvAbJKORj","6iVOwFVjFRoQPgj8GUwSsi",1,49,"2rqrgNkiWg072vbo81h02j"
"Wrecking Ball","5YGY8feqx7naU7z4HrwZM6","3RDqXDc1bAETps54MSSOW0",1,74,"2vwlzO0Qp8kfEtzTsCXfyE"
"Miss Otis Regrets","72o2T9aqYR2PFNYpzYrMmw","6sBNBUjwHGLhHi8QPkungg",1,8,"3LHnVXCSSHUabAhCGWMajV"
"Stay All Night","2gCsNOpiBaMNh20jQ5prf0","7bkjnyiMG8mXzmEyfY49wD",1,19,"3X0m5uVqyd5XEUDE9RprVa"
"Today Will Die Tomorrow","2PWwVHwBJwSIz5SJ7nkmtt","0jo6jbbgiQuFpACQLZAhcR",1,8,"4LqH2kwXv14cGDEWQj6bwn"
"Breaking Up Somebody's Home","5aygfDCEaX5KTZOxSCpT9o","5rd2jVM4s3zRxEc1eNqDH3",1,24,"5UhLZ6CEwxeyAGKsGklrZg"
"Wynona's Big Brown Beaver","64mPnRMMeudAet0E62ypkx","7GqYldzlO9zwNshxoDzhcY",1,34,"6RExF6zRjy2E63pw2Zue2a"
"Kind & Generous","73JEBdDEFeVaOLg3y0HhBD","79yCNDXk5sNKwskcAOxUtz",1,56,"6VrjF67WFChXh8uYYBfeRr"
"California Dreamin'","3JVF9a4IJrL7sTSdjXxIqJ","5uUtn3Fkr4qWQUpJAmrLEf",1,47,"7E5p9vyjnx7C90DU8Jv1PI"
"Dead Cell","4RddZ3iHvSpGV4dvATac9X","3VdXq4YQIt3ugs05SjFmsD",1,48,"7vxWDMYjZp6HTVQSxS6GQE"
"Bleeding Me","2ye2Wgw4gimLv2eAKyk1NB","5rI3pfrpvmdYtGAsBwaGec",1,45,"2IenDzi8pYn8c4WRteZai0"
"Sludge Factory","64tNsm6TnZe2zpcMVMOoHL","49R4Qye4UUwzjPPQhtCkRe",1,45,"2IjS06NUi1aumi1t7VI4uY"
"One Step Closer","6XyY86QOPPrYVGvF9ch6wz","6hPkbAV3ZXpGZBGUvL6jVM",1,77,"3K4HG9evC7dg3N0R9cYqk4"
"Antlers","5fuUeZd4SaxYUaK7qQFytt","0X2cBnRj19Jcv9EPhs4IBL",1,8,"27F8O3TVdzpzLO2GeQGnnl"
"Song For The Dead","4pejUc4iciQfgdX6OKulQn","58HZZpS0wxJKwGjoerg0mk",1,50,"66UbHESsyfaXdoxlqVBa1T"
"Born Under A Bad Sign","5aygfDCEaX5KTZOxSCpT9o","67I17xxxioQjnisRNmuSPE",1,47,"01UTGeKaSANZCXxkAu6vPY"
"Linger","7t0rwkOPGlDPEhaOcVtOt9","0AP5O47kJWlaKVnnybKvQI",1,68,"0gEyKnHvgkrkBM6fbeHdwK"
"Fabulist","5fuUeZd4SaxYUaK7qQFytt","0X2cBnRj19Jcv9EPhs4IBL",1,9,"0uV0HjXyO611kG559B2Rrp"
"Root","6Ghvu1VvMGScGpOUJBAHNH","30YN03R4Bjl8Qwz8wPRoXG",1,47,"2jkZB94i573H134wKmsw2y"
"Cringe","5fuUeZd4SaxYUaK7qQFytt","0X2cBnRj19Jcv9EPhs4IBL",1,8,"3siLKSE6Fo4eTPTI8OCKMw"
"Mal poli","0WbqAlM1WvfUD6dF7omThd","2UiP7sGjSxl52QtlWAXYVy",1,27,"3ygA3p2qb96FuzDLRXFwIN"
"The Outlaw Torn","2ye2Wgw4gimLv2eAKyk1NB","5rI3pfrpvmdYtGAsBwaGec",1,41,"44ARj4IaCoOevEu1oy0z1v"
"Sickman","64tNsm6TnZe2zpcMVMOoHL","58NXIEYqmq5dQHg9nV9duM",1,47,"5EnYdTx0BWhWM5YDcPkGAa"
"Atmosphere - 2010 Remastered Version","432R46LaYsJZV2Gmc4jUV5","2KPhpTUihx9KRWRwBtpTeJ",1,52,"5UPnBgnylUCjtAPtAH4tJY"
"Fiction - Dreams In Digital","4uYwLU7k03RCQSRXGtQGg0","5Tw0J7E6OfHqHikLc7uycw",1,43,"6NldY5aZigWeeGIMY41qG6"
"Finsbury Park","72o2T9aqYR2PFNYpzYrMmw","4u1eopJkfGGDBqqwPAbsqL",1,10,"6zT6yVFFkwXD2ekMHEQdgF"
"Change (In The House Of Flies) - Acoustic","6Ghvu1VvMGScGpOUJBAHNH","3hBCkMqaYnCmJciEUKqyfC",1,38,"0ovy04t3RUHvnkijp62ITq"
"Hold On","7x83XhcMbOTl1UdYsPTuZM","0tFQcJyS2Ui3vtiijAEdwS",1,54,"1uElKd3GiIoY5ghSU52iav"
"Escape 700","1GhPHrq36VKCY3ucVaZCfo","0aWghqCms0BjGGDBk8C3gq",1,33,"5yyzglhYyqYEYkj2WYhJEz"
"Don't Fence Me In","72o2T9aqYR2PFNYpzYrMmw","6sBNBUjwHGLhHi8QPkungg",1,6,"7C5jJhYQKvBBq5BdnRcrOC"
"Specter","5fuUeZd4SaxYUaK7qQFytt","0X2cBnRj19Jcv9EPhs4IBL",1,6,"7pHhJA3OaNymksL1cDZ1vR"
"20 Dollar","0QJIPDAEDILuo8AIq3pMuU","1Lymt1abGCr3J06bbnmWca",1,36,"0VegASqBdH2VamTzGBa6Df"
"White Noise Rain Sound","0HVOvIhSNLpfo2rxfKdacJ","0ISQWETYXQ8Awlf3AE95qr",1,65,"0l1KG1a65GW39PsIEn1H5h"
"Tramp","2gCsNOpiBaMNh20jQ5prf0","7bkjnyiMG8mXzmEyfY49wD",1,22,"03cay2E0MlPxhIoUc3cUlI"
"Superman's Dead","1lqW59DUEKqvcHc8mVWBtH","4qR92pgYZPRNV6GA9gC7OC",1,52,"1612JQ4JxS8bm5ky53N3bH"
"Telephone","1HY2Jd0NmPuamShAr6KMms","2bsK9FeKzU0jNKA6XYFP7E",1,67,"1IaYWv32nFFMdljBIjMY5T"
"4 Chords","1oKEwFVWeM8KoMK8p5pOoe","5PPZ5syDledKZllogY0S62",1,47,"1cu5PHumWAqQf9M6BHQ8b7"
"A World Alone","163tK9Wjr9P9DmM0AVK7lm","6rnzvZhe3PA57xKcKLRtJ6",1,55,"2HLnzsXJ3mD9UWAa3RY89n"
"Bouquet final","0WbqAlM1WvfUD6dF7omThd","2jgb0dt6ix8RRvJWmDRb5Z",1,33,"2Ml26UFwFntcVB2vSyWXoX"
"Jolene","32vWCbZh0xZ4o9gkz4PsEU","5DyOxuvdSmTSNAmkfcsBsj",1,74,"2SpEHTbUuebeLkgs9QB7Ue"
"Numb","6XyY86QOPPrYVGvF9ch6wz","4Gfnly5CzMJQqkUFfoHaP3",1,85,"2nLtzopw4rPReszdYBJU6h"
"Maggie's Farm","2d0hyoQ5ynDBnkvAbJKORj","6iVOwFVjFRoQPgj8GUwSsi",1,57,"2t0tVmiSkHWvKgojpjO21Z"
"By And Down","4DFhHyjvGYa9wxdHUjtDkc","3maddXkq5dfeBhgAfn2c6S",5,41,"3cptiNdiBjycOmJkcydTLL"
"Siva","40Yq4vzPs9VNUrIBG5Jr2i","7wJTn94PWzZ3zE0lg3qhld",1,41,"3ngADr8JW3DjeVqFWwWDbs"
"Pacifico","6LAwiATl5lQ3Uwh3llJpJI","2OjkccSNDvlu24qZEVfRCD",1,26,"3wJLJLo2fOHReCTWCHomnh"
"Hot Kiss","5leGNiJMZus51YMNgB18iG","2CTB9yYHcORb99ZHR1X0tY",1,22,"4FtghTTqyQnHGU0YfSO00g"
"Change Gonna Come","60df5JBRRPcnSpsIMxxwQm","0JwIILToCGqGm6jElmWRHZ",3,46,"4Oi3JFZ5fFzr2lqHiRQUUO"
"Give Up The Ghost","4Z8W4fKeB5YxbusRsdQVPb","1DBkJIEoeHrTX4WCBQGcCi",1,50,"4OrGm3fBdhlXuHtRBoLUMW"
"Jump in the River","4sD9znwiVFx9cgRPZ42aQ1","34hQFIwGTLf03BZQmGL0iy",1,33,"4RuRJ2cfwOuU3yDG8tJcyk"
"By And Down","4DFhHyjvGYa9wxdHUjtDkc","4jVvXUTK5UWEJRZg6GMaiK",1,28,"4Usc5RN92hcmGKI0Se6pe6"
"Never Ending Math Equation","1yAwtBaoHLEDWAnWR87hBT","47cc2w9XHvUvO7iqvMIFry",1,47,"5KTaAvodoyuWIUOetdsEFd"
"Mr. Krinkle","64mPnRMMeudAet0E62ypkx","3eI0FhygfWcdgI3GZdLXFT",1,40,"6F1McvQGPg1RR2eS2QdYnp"
"Sleazy","6LqNN22kT3074XbTVUrhzX","3GhnFolMJn8Ua8KieFZSBQ",1,55,"7GS7uK7mPdnIOqbgEwg9br"
"Pouring Rain","2lftazVP7IG1illXsbjxti","6qrvy911i1moGl6gTwpENu",1,59,"1GKQyLfiIiNJUkYwvqgMZ8"
"Gravel Pit","34EP7KEpOjXcM2TCat1ISk","6FePdYF8RNzmH05uXIMW76",1,66,"2tNmhDlMbwQZLxQtWMt2EU"
"Bravado","163tK9Wjr9P9DmM0AVK7lm","6rnzvZhe3PA57xKcKLRtJ6",1,61,"02ZorlDGq0uTnMobHNh4EL"
"Waiting for Blood","16PcI6JjJuUfPlsX8Ffvfl","65LEVuiaFy4AJmjO56yuk1",1,41,"0SSt5DTK7CTvMhxSBkjsGp"
"Sitting In This Room","5Nx3gPpU2OFLI80rv7fDX5","6FIJ591w8pTWCTqCrljM12",1,7,"0gGBzw6UKdQ6fWr3tJ3Ewh"
"Safari Disco Club","0WbqAlM1WvfUD6dF7omThd","5i1czdY17oRUXvKRHyilUw",1,26,"1Q4VFq4OlGJAsFAFoZ2HGX"
"Atlantic City","3eqjTLE0HfPfh78zjh6TqT","6yskFQZNlLYhkchAxELHi6",1,57,"1Vp8U39YNsDfd6yVuaUq12"
"Whenever You Breath out, I Breathe In (Positive Negative)","1yAwtBaoHLEDWAnWR87hBT","47cc2w9XHvUvO7iqvMIFry",1,38,"1fiE4wJ16gQkiWfPGPTfMC"
"Day Of The Lords - 2007 Remastered Version","432R46LaYsJZV2Gmc4jUV5","33qkK1brpt6t8unIpeM2Oy",1,34,"33yz4pZitBJaa7eXSW5Dxs"
"Barnacles","6LAwiATl5lQ3Uwh3llJpJI","2OjkccSNDvlu24qZEVfRCD",1,46,"3Khizgd763J4s63Gcv6D9u"
"Me, Myself & I","02kJSzxNuaWGqwubyUba0Z","09Q3WwGYsQe5ognkvVkmCu",1,81,"40YcuQysJ0KlGQTeGUosTC"
"Black Magic","1IQ2e1buppatiN1bxUVkrk","3D6BriGykla1Qi2YzeoE7X",1,55,"4cJhBmeJ7KiBeuy7oxRnZ3"
"Death's Door","16PcI6JjJuUfPlsX8Ffvfl","7ErSMqOB05MvbEaChLgMWu",1,41,"57eZPUbPpylTQHBD1RdpGW"
"Boom","6KO6G41BBLTDNYOLefWTMU","4eUmncMYQRg0Ot29KKqbuk",1,66,"5DooySfCD1xCJ49gQm9rx7"
"Les femmes","0WbqAlM1WvfUD6dF7omThd","2UiP7sGjSxl52QtlWAXYVy",1,32,"5TnHQX4kZylRUcL9L6CJ4o"
"Sinatra","6Ghvu1VvMGScGpOUJBAHNH","3hBCkMqaYnCmJciEUKqyfC",1,27,"6VmVP87sjXVODCfWcX0AZx"
"Drunk in Love","6vWDO969PvNqNYHIOW5v0m","2UJwKSBUz6rtW4QLK74kQu",1,77,"6jG2YzhxptolDzLHTGLt7S"
"You Wouldn't Know","72o2T9aqYR2PFNYpzYrMmw","4u1eopJkfGGDBqqwPAbsqL",1,17,"6vdy76QGSm6eRY1OzgsfAn"
"Dyers Eve","2ye2Wgw4gimLv2eAKyk1NB","7CNQl7thCP0pDllX1lehLM",1,51,"7dKqiOmIe0D1TowvuHBqDz"
"Dock Rain","5GNSiWmGlKoycbxC8htQaH","4sx8ykSjUSjFFac9g2Vokt",1,60,"3i6U2dV99NasmPvshyoYpx"
"Grind","64tNsm6TnZe2zpcMVMOoHL","49R4Qye4UUwzjPPQhtCkRe",1,50,"1gh6flppAA19XDw30g5LEN"
"Deep Rain","0HVOvIhSNLpfo2rxfKdacJ","0ISQWETYXQ8Awlf3AE95qr",1,61,"0tK5Zvy4HttHXp9ldVm0EV"
"City Rain","5GNSiWmGlKoycbxC8htQaH","4sx8ykSjUSjFFac9g2Vokt",1,58,"5svhO7n5a0IWF13hqZWaVc"
"***Flawless","6vWDO969PvNqNYHIOW5v0m","2UJwKSBUz6rtW4QLK74kQu",1,68,"7tefUew2RUuSAqHyegMoY1"
"Prophets Of Rage","1fSzW5cXBmquli5laFnoGY","3SQmvD9SGyuJEqLKGVLX8j",1,53,"1bTVbi6uwmGwlsXy2soxpg"
"Smooth Rain","2lftazVP7IG1illXsbjxti","6qrvy911i1moGl6gTwpENu",1,60,"3bgRHchoi3xqrqumvMC4tV"
"Pistol Grip Pump","2d0hyoQ5ynDBnkvAbJKORj","6iVOwFVjFRoQPgj8GUwSsi",1,57,"0lsDJ0EkccufmSM43P28TQ"
"Murder In The Red Barn","7x83XhcMbOTl1UdYsPTuZM","5blxyZRgkA735vO40p56MA",1,26,"0tMVpNYTOcPulIXocDQF7i"
"Know Your Enemy - Remastered","2d0hyoQ5ynDBnkvAbJKORj","4Io5vWtmV1rFj4yirKb4y4",1,61,"1XTGyfJeMiZXrZ1W3NolcB"
"South Of Heaven","1IQ2e1buppatiN1bxUVkrk","09ghSsJ7jalI4jWtf7E08b",1,57,"1f2nJKg780VxYIveVq6Xej"
"I Can't Hardly Stand It","4lYtGx5NZQJHsMyhHc5iz3","1n1znRLH7iRtkhjbrCs0wi",1,47,"1gElMA7YL2UEE9njNW9eiR"
"Subway","3TNt4aUIxgfy9aoaft5Jj2","1LQZp37z82iTVxillq6K59",1,31,"26RaQ78CMoKTaxpXC3D7Zd"
"Bee Sting","6LAwiATl5lQ3Uwh3llJpJI","2OjkccSNDvlu24qZEVfRCD",1,24,"2cZxPWNMbHzDDu0uHwA5Ou"
"Slough","72o2T9aqYR2PFNYpzYrMmw","4Y7EFfuj6e9UcisqBF5NB7",1,5,"2czHcD69NoIXfgjBI5QTqQ"
"Angel Of Mercy","5aygfDCEaX5KTZOxSCpT9o","5rd2jVM4s3zRxEc1eNqDH3",1,17,"2mcBHx6tyNZ9zhJssmoGE5"
"Johnny 99","3eqjTLE0HfPfh78zjh6TqT","6yskFQZNlLYhkchAxELHi6",1,46,"2ohcpZDvcIRdCE3lWxu6Tc"
"Jumper - 1998 Edit","6TcnmlCSxihzWOQJ8k0rNS","2gToC0XAblE9h3UZD6aAaQ",1,68,"3354J49VpkbZJho7Ztdzpw"
"Albatross","1BBIIH0h76KN8gYeXFcPjR","6zdNTQ1uS2ZzFZkExMqcAh",1,50,"3CtKSQyQPdzA2u7n9tjJw2"
"Anthem for the Year 2000","4iudEcmuPlYNdbP3e1bdn1","10bobqzP8mtragmflBolOM",1,56,"3J19l4hOfwFFIF715BwVcG"
"Slave","3TNt4aUIxgfy9aoaft5Jj2","1LQZp37z82iTVxillq6K59",1,31,"3KDNP1qeCGZRlExpJUPlzi"
"Million Dollar Bills","163tK9Wjr9P9DmM0AVK7lm","6rnzvZhe3PA57xKcKLRtJ6",1,57,"3Lw7lWTJlcqlx8E9HFmByr"
"Whiskey In The Jar","2ye2Wgw4gimLv2eAKyk1NB","5b7HQ04lPT7eGJQ7fmVsjC",1,63,"3ZpWy5rBZv2aLQAldnmTsP"
"Monkey","0wz0jO9anccPzH04N7FLBH","7yh54KR6UGqcdaNbZRmBJO",1,27,"3dWRG6elBRym3Wa1cvLpWZ"
"The River","5TfnQ0Ai1cEbKY5katFK14","1OEB1r4C7kfdjODUspHeNO",1,34,"3gGm7yx45jnPJSnRZN62gk"
"Les soupirs et les refrains","0WbqAlM1WvfUD6dF7omThd","2jgb0dt6ix8RRvJWmDRb5Z",1,36,"48qPo25VFExoldlr26LcxF"
"Cats And Dogs","5GNSiWmGlKoycbxC8htQaH","4sx8ykSjUSjFFac9g2Vokt",1,59,"4DYnts7fnmVlyi1pVn1ImU"
"Funeralopolis","4htjQW3lgIwL6fEJlTOez4","4xaTRMLbZdmAWtUnoYvaTF",1,46,"4Wvuhx25d2KQkkmT4kgFHs"
"Mansion On the Hill","3eqjTLE0HfPfh78zjh6TqT","6yskFQZNlLYhkchAxELHi6",1,42,"4eQQGTTbcKl5abbaIM0OxW"
"I Get a Kick out of You","72o2T9aqYR2PFNYpzYrMmw","6sBNBUjwHGLhHi8QPkungg",1,5,"4fnnJ8MD0xnsCuDvJOxYqY"
"Panic Switch","6qyi8X6MdP1lu6B1K6yh3h","0swOso9dwIp1PHmDP4dTbX",1,58,"597i9UhHbW8hHgBUp8Tm54"
"Ain't Dead Yet","3VZMAucZjqzQ3n9eEsz7gW","0qvBirZFY0xFqH0vCzuHHn",1,0,"5JJU3ADsF2KZrcwcIpyN9P"
"Natural Blues","3OsRAKCvk37zwYcnzRf5XF","3wRlU7n3LULfjL0e9RtB5Q",1,59,"5MIOomJuCJkfuf6mrHJu9H"
"Cannibal","6LqNN22kT3074XbTVUrhzX","3GhnFolMJn8Ua8KieFZSBQ",1,60,"6bmw3whbG7FBQojQPFk52l"
"Smoke Like Ribbons","6LAwiATl5lQ3Uwh3llJpJI","2OjkccSNDvlu24qZEVfRCD",1,29,"6cnqgQWhVXyooHBuoNkFI2"
"Are You My Woman (Tell Me So)","7BFr36uI1dzJyo6tpa5Ued","4inpIR7WJzJEGAay1kAZ3s",1,47,"6iEgQF65J19Rl2FH9Bs1tz"
"Waterfalls","0TImkz4nPqjegtVSMZnMRq","5eg56dCpFn32neJak2vk0f",1,74,"6qspW4YKycviDFjHBOaqUY"
"Evergreen","6wE3e84Zg41JF04Z39i5wv","1uT455zoyeabAFnd8er1F3",1,31,"7cAlludZgzMdlBVRleN8zX"
"Street Rain","5JTuitdZNeqTBPMa7QU4g4","1se7ep46Ij0nQWXv8WvKlo",1,58,"0yAUGrMrWv9EqMXJuyTZ3W"
"Grape","7iJzyTbWjAykDC3wJHr3Pr","3W5C0852rgSRCYkU3Fq60f",1,8,"1ALo878q4uUbZ6T796oqnC"
"Dripping Rain","0HVOvIhSNLpfo2rxfKdacJ","0ISQWETYXQ8Awlf3AE95qr",1,60,"3aaprwVUV6SacmcqZF4I99"
"Calm Rain & Thunder","1hzMcARZTayoVUZwkkiBUb","06gtdmD7olwgoeFyiGjTeI",1,63,"5fkUSLLclp3LdXiMw3zTgR"
"Miami Rain","3Qs1EAnyqWLaNqk0wHS63M","7LkoFPniOrFcSDbvYzCK9x",1,58,"3L2kaKpmmsw3XMp031Xmc6"
"Let's Misbehave","72o2T9aqYR2PFNYpzYrMmw","6sBNBUjwHGLhHi8QPkungg",1,11,"6WJIIW6LMxefCcpcSIUHGH"
"Unearth","48nHO1cuTbpx4ELhChsxX1","0Iq6APTGuGPe875jV0rIw2",1,31,"785C6BpZ0YL3yUOJ8QuA6p"
"War Ensemble","1IQ2e1buppatiN1bxUVkrk","416nVgqae48Dw0EjD6N4EU",1,48,"7fSOpoZTwCmS8FON3g5M4O"
"Harvester Of Sorrow","2ye2Wgw4gimLv2eAKyk1NB","7CNQl7thCP0pDllX1lehLM",1,56,"7ul3AS7CiJ5V1Z03039oli"
"Under Shelter Rain","3Qs1EAnyqWLaNqk0wHS63M","7LkoFPniOrFcSDbvYzCK9x",1,59,"18aGDOpPblt4w29uE9NMbd"
"Cozy Rain Sound","2lftazVP7IG1illXsbjxti","6qrvy911i1moGl6gTwpENu",1,60,"3byF8Z5oOsuVbrPlyfFyIK"
"Killing In The Name - Live","1fSzW5cXBmquli5laFnoGY","3808Yq5c2HqOGKn7DPhX84",1,40,"0lzTJvSd7QOBahiUqqiYsX"
"Gardenia","3HCpwNmFp2rvjkdjTs4uxs","1npen0QK3TNxZd2hLNzzOj",1,51,"0StO1AR9wWQ5SmGPKklV5u"
"Hung My Head","6kACVPfCOnqzgfEF5ryl0x","5xeMctXQWNmMq4aAjwuR3e",5,35,"0ZuVRwHVoYCq63ayv6cQi5"
"Monsoons","2pAajGWerK3ghwToNWFENS","3qXWygv1NsvKlahaapA6xc",1,39,"0dg5g9nBundZjdlM0qp0zX"
"State Trooper","3eqjTLE0HfPfh78zjh6TqT","6yskFQZNlLYhkchAxELHi6",1,47,"1Ulh5rWbhhV3PltDadTBZC"
"I've Been Loving You Too Long - Single/LP Version","60df5JBRRPcnSpsIMxxwQm","0JwIILToCGqGm6jElmWRHZ",3,40,"1WX7fQn3b00G2IeSUWl8PG"
"Winds With Hands","0Gq06EJlfPumvCdMsnkJFp","3gpW5XqZjGOA0goFb5nmwA",1,14,"1aCeYkQiAOD4TmJe5xd5Tt"
"Microphone Fiend","2d0hyoQ5ynDBnkvAbJKORj","6iVOwFVjFRoQPgj8GUwSsi",1,56,"1gGcKk7W1priUoTwotuoqT"
"Hotcha Girls","6LAwiATl5lQ3Uwh3llJpJI","2OjkccSNDvlu24qZEVfRCD",1,37,"1qkPQySG2xFixO64S2Uxds"
"Love Will Tear Us Apart - 2010 Remastered Version","432R46LaYsJZV2Gmc4jUV5","2KPhpTUihx9KRWRwBtpTeJ",1,62,"1r8oPEXqnhUVgkUkJNqEuF"
"Everloving","3OsRAKCvk37zwYcnzRf5XF","3wRlU7n3LULfjL0e9RtB5Q",1,48,"2BWzjuHLovmZgqGKB4bauX"
"Lovers for a Day","72o2T9aqYR2PFNYpzYrMmw","5VfGAazk1fVV5jnJ7qHwju",1,8,"2Luj3YbBA5ZZjUGHd8qPKa"
"Embodiment","5fuUeZd4SaxYUaK7qQFytt","0X2cBnRj19Jcv9EPhs4IBL",1,6,"2jsU7zneRSln9xYi5OXBeA"
"Got Me Wrong","64tNsm6TnZe2zpcMVMOoHL","4b0EWRIWecUztiLiaoEN4K",1,46,"2lBqGHtGLD5FGeJJYNKbGS"
"Tu es beau","0WbqAlM1WvfUD6dF7omThd","2UiP7sGjSxl52QtlWAXYVy",1,49,"3Q434tG4MdftCIgsYP0xQa"
"Complètement fou","0WbqAlM1WvfUD6dF7omThd","2jgb0dt6ix8RRvJWmDRb5Z",1,47,"3rfTe2727kQq0XgI9Z2W5v"
"God Of Wine","6TcnmlCSxihzWOQJ8k0rNS","4JzNsKax0sIzmEB5brppNw",1,38,"3tdJ0zijzchyvW6slo853f"
"Mistakes","6gZq1Q6bdOxsUPUG1TaFbF","4uNwpYU5QyX2u0kkkEFLR4",1,39,"3vCPApd77OpyntH17SFh6H"
"Satellite","6KO6G41BBLTDNYOLefWTMU","4eUmncMYQRg0Ot29KKqbuk",1,54,"3zAIrDlrGJ5cwBHMR1YaLl"
"Highway Patrolman","3eqjTLE0HfPfh78zjh6TqT","6yskFQZNlLYhkchAxELHi6",1,42,"408tTuSDxIr3zDR90Zmcw2"
"Last Damn Night","3bhu7P5PfngueRHiB9hjcx","0B4eikFaUJcf3hc6DaSVov",1,46,"475uLoRnKvvkW7cvlF9U4v"
"South Side","3OsRAKCvk37zwYcnzRf5XF","3wRlU7n3LULfjL0e9RtB5Q",1,49,"49bUJjrC16NgnrgGS75Yan"
"The First Day","72o2T9aqYR2PFNYpzYrMmw","4u1eopJkfGGDBqqwPAbsqL",1,12,"5S6NtI7B2n3nzQOvKFqA0s"
"Somebody's Sins","6hhA8TKRNryM8FNzqCqdDO","2SOYfn2Qcpt0zmKv8slc0S",1,2,"5ev4d5HCuASyFrSTZ9IC55"
"After the Fall","6ZK2nrW8aCTg8Bid7I7N10","0wuq4wdBPLK7dAdgREEkHA",1,37,"6BhuXrwvsITQaGxsljGB3e"
"Squirrel Song","6I8R5MFTlez7rHCsH4cx0u","0UHOnddWyAQlP4s8Q1YeKR",1,33,"6EarSYf5t7BodbYWYlP6N7"
"Cocky - Explicit Album Version","7dOBabd5O4CvKrg4iriHTM","64du8CiAmKAzVswhA3RK4r",1,54,"6h2t5HKOpHjpou4cHA5OER"
"Smash And Grab","5leGNiJMZus51YMNgB18iG","2CTB9yYHcORb99ZHR1X0tY",1,15,"738RGrIGDbJtZgiKiGWycd"
"Immigrant Song","36QJpDe2go2KgaRleHCDTp","6P5QHz4XtxOmS5EuiGIPut",1,74,"78lgmZwycJ3nzsdgmPPGNx"
"Rain Sound : Night Time","0p4jOOIvRNOeFf8B28hQ1e","4fupv7rYEBzk1OjSocCERt",1,55,"1VfrDK40zAC1jzk1Rp6R1j"
"Rain Sound : Sunday Dreaming","0p4jOOIvRNOeFf8B28hQ1e","1N5uRWLkH0Jr2su2q5IQZU",1,54,"7IYxWrs94jceRhxJJKDEJe"
"Rain In The Bay","5JTuitdZNeqTBPMa7QU4g4","1se7ep46Ij0nQWXv8WvKlo",1,57,"7D4hXw7rqFjNGX3oIVQyly"
"Diamonds on the Face of Evil","6LAwiATl5lQ3Uwh3llJpJI","2OjkccSNDvlu24qZEVfRCD",1,29,"056BnP0bu8hjYeOgSJQkAX"
"Lunchbox","2VYQTNDsvvKN9wmU5W7xpj","1SmsWlQZojAXz5H0i26bRl",1,45,"1EYTOP6cIzADbgxCFG87ML"
"Parasites","6LAwiATl5lQ3Uwh3llJpJI","2OjkccSNDvlu24qZEVfRCD",1,32,"2OkHHOvHMfeXuZh5maDnIR"
"Gentle Rain Sound (Deep Breathing)","59FRAcMcsHQupc8lupy5uH","1hnITnE98zsV3NUBb9umhi",1,46,"3svATh45GtzzgNJtfTxMuf"
"Something In The Way","6hhA8TKRNryM8FNzqCqdDO","76Zg0RE2Fin7AqBSTFFrDF",1,15,"48bzk8bCl0uEemd6Zbc7ct"
"Simple Man","6Ghvu1VvMGScGpOUJBAHNH","3hBCkMqaYnCmJciEUKqyfC",1,40,"4eAh9bzurTIp34TREqa8cg"
"Shoop","7wqtxqI3eo7Gn1P7SpP6cQ","0UIuHgtBvcHduPDZSweVMi",1,65,"2c7H254xlKoGhmZT194C0T"
"Sleep Rain","5nSGBmlgUdqWNExnOX8VtV","0mhWsS9Hi9U3MgXRwXsbmg",1,65,"3hs7Lh777aKJugwl0Zq1QF"
"Seek & Destroy (Remastered)","2ye2Wgw4gimLv2eAKyk1NB","0vNBQof86Lv5gLuf26ML7o",1,63,"5DrNFzZZZVfXaEZCaceKnp"
"Would?","64tNsm6TnZe2zpcMVMOoHL","58NXIEYqmq5dQHg9nV9duM",1,71,"5sFDReWLrZHLFZFjHsjUTS"
"Monsun Thunderstorm","6xQDyC92UEZQCySBNTdkyx","5Y6fIPchbFHAtc3BaBC9am",1,64,"63qps2UseM4TTaciTdeK59"
"Lluvia","2lftazVP7IG1illXsbjxti","6qrvy911i1moGl6gTwpENu",1,59,"0uiqxkLv8bprabEd6OWnet"
"Music For Sleep Thunderstorm, Rain","68KvrDM8KF36LHUvTgEIS9","3FS7NVxA7G5P74d9KzegIE",1,61,"2AI8gjczczIGkUxospO0MF"
"Pouring Rain & Thunder","4lrOh2SR7H3guHky2lAYOk","47aFId4LZv1BI9UZEpzbpx",1,62,"4FO4ccOzpUP95P3sQBmbK9"
"The Double Rainbow Song","0V8tQXWkKPD5SxsB2moGew","71dc7tAc2ujEFgWN3FmW1c",1,31,"038Z8x7XU3uzUtJgCvnJyI"
"Rain & Thunder","6xQDyC92UEZQCySBNTdkyx","5Y6fIPchbFHAtc3BaBC9am",1,64,"47fd0lVyrW90U7RpSLC8AL"
"Tiny Monsters","2pAajGWerK3ghwToNWFENS","3qXWygv1NsvKlahaapA6xc",1,40,"4Dk1fhh3nqIt5dOq6sGc1f"
"Die, Die My Darling - Fox Studio 1983","1cXi8ALPQCBHZbf0EgP4Ey","4pEcCqGx1RFaXWJD0mrG10",1,50,"4Rme8TxEaNV09wp64AWd2y"
"No One Loves Me & Neither Do I","4zYQWYmtimAEmI6WWEzGfO","2J1Su4rQL12Nf3v6w3MBvl",1,48,"0Ws3haBpuaBIaRnWKrkNCg"
"Rainy Alley","5GNSiWmGlKoycbxC8htQaH","4sx8ykSjUSjFFac9g2Vokt",1,58,"1ewDC0xdTNVmzszuZ93BiO"
"Bosque","0qxiHjDHTVwI9Q1pcU5jxQ","41gv4AWktiPAx0JL5nVqwY",1,59,"3Ol2CB78koETMwfr0OwJiH"
"Orchard","6wE3e84Zg41JF04Z39i5wv","1uT455zoyeabAFnd8er1F3",1,47,"3bZG5LMoqBiXDwSSi2p2VN"
"Downpoar","3Qs1EAnyqWLaNqk0wHS63M","7LkoFPniOrFcSDbvYzCK9x",1,59,"50N6EPhnmazJFkWvzqynhb"
"Too Many Puppies","64mPnRMMeudAet0E62ypkx","0bCjsDy7xtSGsKleQXF9ng",1,35,"00Wb1urBVclA6WdcrmrUxg"
"Toho","0WbqAlM1WvfUD6dF7omThd","2jgb0dt6ix8RRvJWmDRb5Z",1,34,"0DeZ6wNiuCduGTfZ2T7ySx"
"Cat Faces","6LAwiATl5lQ3Uwh3llJpJI","2OjkccSNDvlu24qZEVfRCD",1,34,"0JTDxIOOMNjrw94iIRfQRA"
"Torn","0dlOr0VIysztGWvU1dpjmP","6HOvWskl058duikMCVOLcW",1,68,"0KDaN0HL3TcJVTbXlQCEsS"
"Big In Japan","7x83XhcMbOTl1UdYsPTuZM","0tFQcJyS2Ui3vtiijAEdwS",1,40,"0W1C1GIccD6ev8PmV9pK40"
"Sweet Dreams (Are Made Of This)","2VYQTNDsvvKN9wmU5W7xpj","7fmOTYDQn9DIXCy1YDrl4S",1,63,"0Xq7FPQaLJgIHSB605YUMy"
"My December","6XyY86QOPPrYVGvF9ch6wz","6hPkbAV3ZXpGZBGUvL6jVM",1,66,"0fxGA5lxrdYNYoE7yJxTNZ"
"Tommy The Cat","64mPnRMMeudAet0E62ypkx","2sjF68plsvYE7M3FaMf6rD",1,44,"0kquzTsZG4m9qmLJaPSY9U"
"Savin' Me","6deZN1bslXzeGvOLaLMOIF","69ny9Y7VrjVP7JNK0xhYke",1,58,"0n2RMFCf3wfKJ9h3E3BKO8"
"Gimme Shelter","22bE4uQ6baNwSHPVcDxLCe","0aqZJlugIkTUWW1sa4BANp",2,53,"0t7ttzoe3dV0mah4lBI2kx"
"God Of Wine - 2006 Remastered Version","6TcnmlCSxihzWOQJ8k0rNS","0E59vg6z9hQoK200ISntKk",1,32,"0vy4MMleQSnMwksth7mIyL"
"Rooster","64tNsm6TnZe2zpcMVMOoHL","58NXIEYqmq5dQHg9nV9duM",1,68,"0wvIGFIgbyz4JNwQhZgTv2"
"American Bad A** - Explicit LP Version","7dOBabd5O4CvKrg4iriHTM","7x39IuX6MuhIyhxO7yXxSn",1,53,"0y98sgsXdhGS07vOGSFWVL"
"Old Man","6v8FB84lnmJs434UJf2Mrm","2l3QxNo4QubBNmVKxLeum0",1,63,"16XeptMdlJTWWeIrwEAOvv"
"Used Cars","3eqjTLE0HfPfh78zjh6TqT","6yskFQZNlLYhkchAxELHi6",1,39,"1LDz5dqGxxWSOxNWjuzclb"
"Little Red Riding Hood - Remastered","05sRO4JdAtJGyZQOTb6kSL","6V9edLZo8UbPltlns9yLaT",1,41,"1YWDbzp0iauFA6wWmW9Q3o"
"To Our Friends In the Great White North - Demo","4kRYDoAbgDL7nqeqZhJlA3","7B06vu7RmpmD63PlUY1Yui",2,8,"1bRlf8E64Q6CQRau0ydi6Z"
"The Earth Died Screaming","7x83XhcMbOTl1UdYsPTuZM","5blxyZRgkA735vO40p56MA",1,30,"1dlsDScZgvZO5FrIljHlqR"
"Feel So Close - Radio Edit","7CajNmpbOovFoOoasH2HaY","7w19PFbxAjwZ7UVNp9z0uT",1,75,"1gihuPhrLraKYrJMAEONyc"
"Just Another Day","72o2T9aqYR2PFNYpzYrMmw","4u1eopJkfGGDBqqwPAbsqL",1,13,"1hqeNZXEIBsPInPsDGj616"
"Too Many Ways - Alternate with Background Vocal","2gCsNOpiBaMNh20jQ5prf0","3iXDIrZsFitJCltwmfkrks",1,9,"1sOP27Bl2ELP8zjqQAYJCG"
"Whenever You Breathe out, I Breathe In (Positive Negative) - Live","1yAwtBaoHLEDWAnWR87hBT","0ofLJouO3dgFhUNOx1hRRz",1,24,"22tUuON2vDOzjstzlSoJBQ"
"25 Years","14pVkFUHDL207LzLHtSA18","70GAqt2avSiKBJ2IEymou1",1,39,"26tzcyqL1uLhmi7mm46aIU"
"SCRAM","34UhPkLbtFKRq3nmfFgejG","2Gu5iT3SScbBq7gSNuPtqm",1,29,"289DckAr2ftqFMlCHPOMbX"
"Soho Clipper Blues","72o2T9aqYR2PFNYpzYrMmw","4u1eopJkfGGDBqqwPAbsqL",1,12,"2C8nOAhFCLkR9aynIhAm6y"
"Galileo","2pAajGWerK3ghwToNWFENS","3fb2z5LGbkUK02bWiGSMxf",1,46,"2HZopjGoTIeWzvEnRUwgtf"
"Comme Un Enfant","0WbqAlM1WvfUD6dF7omThd","5i1czdY17oRUXvKRHyilUw",1,21,"2IiS69IOlckXEXZo3xg80v"
"Sleep Rain","5BFLLBEz1g8FcRjBLCVt3e","0lsGnm4Y4H0jnPnlynb9l1",1,15,"2J0osRlYxAC3fsVSelhem5"
"Born To Die","00FQb4jTyendYWaN8pK0wa","3TtsWmvFbChKTWIRfa85lS",1,56,"2MrvoOqj007UVWUtGcCK0F"
"MEIN TEIL","6wWVKhxIU2cEi0K81v7HvP","09qHS2BgOLqi3SMkbauxdJ",1,55,"2OQRceDfxBfmwTEmNOSpFq"
"Swerve City","6Ghvu1VvMGScGpOUJBAHNH","4PIVdqvL1Rc7T7Vfsr8n8Q",1,60,"2OUR8g12h5qsGDs1v5lqvp"
"Blizzards, Buzzards, And Bastards","2KYV3dBJ9xpl6SK4Lmv1Ju","7MdBTrLVuUVHZey51LNPE9",1,35,"2UFYXSpEqBtfpRZXMGKVmV"
"E.T. - feat. Kanye West","6jJ0s89eD6GaHleKKya26X","5BvgP623rtvlc0HDcpzquz",1,71,"36ux3YuUsGTWPT8fXclS45"
"Disorder - 2007 Remastered Version","432R46LaYsJZV2Gmc4jUV5","0cbpcdI4UySacPh5RCpDfo",1,65,"38wCbVfMreML5ZhF5iQuKA"
"To Zion","2Mu5NfyYm8n5iTomuKAEHl","2Uc0HAF0Cj0LAgyzYZX5e3",1,59,"3FFuQ5eoLNQU3IgbZP6F13"
"Eternal Memory","5DSysRe01ABzvmfRLY6HnW","3mpULAZ4s7CemCPTm6QG1X",1,11,"3GGudoctlHZwsTJajrgpWA"
"How's It Going To Be","6TcnmlCSxihzWOQJ8k0rNS","2gToC0XAblE9h3UZD6aAaQ",1,67,"3Uvx1TO0Kg5HgGPk58lHXv"
"Bitterness Centrifuge","34UhPkLbtFKRq3nmfFgejG","2Gu5iT3SScbBq7gSNuPtqm",1,28,"3YEhzC6760M0p87Pg9ntdg"
"Tuesday's Gone","2ye2Wgw4gimLv2eAKyk1NB","5b7HQ04lPT7eGJQ7fmVsjC",1,46,"3kjrWJMt1j9nl3favBZQIH"
"Little Boy","34UhPkLbtFKRq3nmfFgejG","2Gu5iT3SScbBq7gSNuPtqm",1,24,"3oaduXM9WgaIo8TtRMcPyk"
"Intro","2Mu5NfyYm8n5iTomuKAEHl","2Uc0HAF0Cj0LAgyzYZX5e3",1,46,"3srvx7IyN10XpXm6QSTQGc"
"Purgatory Blues","5leGNiJMZus51YMNgB18iG","2CTB9yYHcORb99ZHR1X0tY",1,13,"47dVuTJvOm6FVHeyZKw1we"
"Conditions of My Parole","2pAajGWerK3ghwToNWFENS","3qXWygv1NsvKlahaapA6xc",1,50,"4YmBVg2RRSCg3ba77g1ilQ"
"Maps","3TNt4aUIxgfy9aoaft5Jj2","7gRMJ6RH5aI3GfDMKMtdml",1,62,"4ZoP9qWd50v7D5dRQUnKrM"
"Frantic Moment","3JVF9a4IJrL7sTSdjXxIqJ","5uUtn3Fkr4qWQUpJAmrLEf",1,30,"4dTyaSoGAyvzvnCY5VDJjE"
"Bad Magick","6gZq1Q6bdOxsUPUG1TaFbF","4uNwpYU5QyX2u0kkkEFLR4",1,41,"4fGmhzoKHK7PFrkhBD55o7"
"A cause des garçons","0WbqAlM1WvfUD6dF7omThd","2UiP7sGjSxl52QtlWAXYVy",1,42,"4kti5sAkWBOhPyCVItDYf8"
"Sticky Honey","5leGNiJMZus51YMNgB18iG","2CTB9yYHcORb99ZHR1X0tY",1,17,"4ughzUouPoxALsKeUxQtFl"
"Every Time We Say Goodbye","72o2T9aqYR2PFNYpzYrMmw","6sBNBUjwHGLhHi8QPkungg",1,5,"4upHpmkRUrndUyb6A9PpEb"
"DALAI LAMA","6wWVKhxIU2cEi0K81v7HvP","09qHS2BgOLqi3SMkbauxdJ",1,43,"50VqNIbwCOPVtXuWSWjdOY"
"Blue Monday","4uYwLU7k03RCQSRXGtQGg0","5iprjaDXa5reRKpCL6L99A",1,56,"5267gVdYWrLoz6ClOhlqmE"
"Video Phone","6vWDO969PvNqNYHIOW5v0m","23Y5wdyP5byMFktZf8AcWU",2,55,"53hNzjDClsnsdYpLIwqXvn"
"Fate","0uSrH9aWp8RsO5aZSzZHap","1yR9jzxxZSH3S2JaFEJWD6",1,11,"54bhNFEhMIpkXASei7iDxP"
"Juicy","5me0Irg2ANcsgc93uaYrpb","2HTbQ0RHwukKVXAlTmCZP2",1,79,"5ByAIlEEnxYdvpnezg7HTX"
"Wide Awake","6jJ0s89eD6GaHleKKya26X","5BvgP623rtvlc0HDcpzquz",1,68,"5JLv62qFIS1DR3zGEcApRt"
"Nobody Like You","165ZgPlLkK7bf5bDoFc6Sb","3HCCUaRSjHSFOe4fqE0BiP",1,41,"5VNMlLgQdpo2ksrYzD9ANy"
"harder than you think","6Mo9PoU6svvhgEum7wh2Nd","6izTLoTDL2k78sAvpLfHOP",1,63,"5YpZh8wfS4moRBk0ijNcXr"
"Gotta Get Away","5LfGQac0EIXyAN8aUwmNAQ","5HDj9yjtyhPduBMVax56pg",1,51,"4NZn1vRGq9s83B7JWsoQgn"
"West Coast","00FQb4jTyendYWaN8pK0wa","2e3doCyb0qn2JeKLsh2Xbo",1,55,"5fpZBXuorlUCC9SP6LVuw3"
"Thunder and Rain","3S4iELponYOrmaCMbvFdHC","0A3ZjOnHI0wMbXmIEeBAhk",1,59,"5qP8nQQjOnW8V5LjC3uW1y"
"Numb / Encore","3nFkdlSjzX9mRTtwJOzDYB","4lhyg7YGQagE8FT8cZBqyw",1,77,"5sNESr6pQfIhL3krM8CtZn"
"Roll Right","2d0hyoQ5ynDBnkvAbJKORj","24E6rDvGDuYFjlGewp4ntF",1,53,"5tYosD9TicWDYO3kAE4ADp"
"The Noose (Live)","4DFhHyjvGYa9wxdHUjtDkc","05ghFLMEOZqBJdS76hws7F",1,35,"67mmbYrI74wMAPosCCP7fT"
"7 Words","6Ghvu1VvMGScGpOUJBAHNH","30YN03R4Bjl8Qwz8wPRoXG",1,50,"6DoXuH326aAYEN8CnlLmhP"
"Gimme Shelter","22bE4uQ6baNwSHPVcDxLCe","4l4u9e9jSbotSXNjYfOugy",1,70,"6H3kDe7CGoWYBabAeVWGiD"
"Chimie Physique","0WbqAlM1WvfUD6dF7omThd","5i1czdY17oRUXvKRHyilUw",1,19,"6Hm78CI2KF64UeEYYJPnxF"
"Excess","6hhA8TKRNryM8FNzqCqdDO","76Zg0RE2Fin7AqBSTFFrDF",1,39,"6ILaMbLUj1gsl2m5aqy9s0"
"Summertime Sadness (Lana Del Rey Vs. Cedric Gervais) - Cedric Gervais Remix / Radio Edit","00FQb4jTyendYWaN8pK0wa","1fXwOvaqIdkhp5F3fiFbCv",1,73,"6PUIzlqotEmPuBfjbwYWOB"
"Find My Baby","3OsRAKCvk37zwYcnzRf5XF","3wRlU7n3LULfjL0e9RtB5Q",1,46,"6TjY5j14FvJZgj3csPwZr4"
"The Girl And The Robot","5nPOO9iTcrs9k6yFffPxjH","6vQMbwthchxuSioACn2hcE",1,51,"6VCqx14OVaX9uwSvC0PvAG"
"Subterranean Homesick Blues","74ASZWbe4lXaubB36ztrGX","1lPoRKSgZHQAYXxzBsOQ7v",1,58,"6k9DUKMJpWvu6eFG3O64Lg"
"Judith","4DFhHyjvGYa9wxdHUjtDkc","39xNQ5XkyFb6XUyoDnj0ZE",1,28,"6lSkoSYe1RFcGjwxEXULNT"
"Bad Girls","0QJIPDAEDILuo8AIq3pMuU","3dAxXNscIj0p53lBMEziYR",1,63,"6nzXkCBOhb2mxctNihOqbb"
"Open All Night","3eqjTLE0HfPfh78zjh6TqT","6yskFQZNlLYhkchAxELHi6",1,40,"6puA3V4iUFow4GMGFDf7qF"
"This Room","5Nx3gPpU2OFLI80rv7fDX5","0iFmLQwyJCQuCelqSRbWpl",1,13,"7hStozhkG1YzWAXFguSnvz"
"Happy Up Here","5nPOO9iTcrs9k6yFffPxjH","6vQMbwthchxuSioACn2hcE",1,44,"7rSn37L6jGaPnOOLBbEwXX"
"The Money Will Roll Right In","6vBFJ3JwYIzw3nRxy4vpbq","6TZ6Bdsozod2CRTysSURNf",1,34,"7ujGFXp50Uwe3fkIHq5Fgn"
"Storm Rain Sounds","1Kua8JL4qKC0Yz5KMoANYU","4uuKYkrV3LYJLg17b0u2Jz",1,58,"1uhaHw0F1csIA0VHPnXU84"
"Florida Rain Storm","4lrOh2SR7H3guHky2lAYOk","47aFId4LZv1BI9UZEpzbpx",1,64,"41ngfIhPv1DkwHozVjH5Yc"
"An Angry Thunderstorm","0zaYnC5jWu6BKBz3vnNyZ6","2Uhza15Cqm8QQZ1cyMLpHA",1,57,"143CswMcu3YPIaYYsb1KZu"
"Rain Sound : Monsun","0p4jOOIvRNOeFf8B28hQ1e","1N5uRWLkH0Jr2su2q5IQZU",1,54,"5VElkYenegHlF1oBmZ06oq"
"Tire Me","2d0hyoQ5ynDBnkvAbJKORj","24E6rDvGDuYFjlGewp4ntF",1,48,"22AYE62irnblz8OMUzz6Qi"
"Nothing Matters","6hhA8TKRNryM8FNzqCqdDO","2SOYfn2Qcpt0zmKv8slc0S",1,2,"2GpEMLLq2PQk0jtZCTShz7"
"Relaxing Constant Rain Storm with Distant Thunder Sfx","4NqS7DbPFYwZmniGHCPMpm","4GvZxuVuOl4sJqwQEheh65",1,64,"1nKY2o8XQG1RvUCpBV5VSK"
"Doo Wop (That Thing)","2Mu5NfyYm8n5iTomuKAEHl","2Uc0HAF0Cj0LAgyzYZX5e3",1,72,"2Uu8IiLkLY0UXhCHka4Dlr"
"Caribbean Thunderstorm","4lrOh2SR7H3guHky2lAYOk","47aFId4LZv1BI9UZEpzbpx",1,63,"0XhxyzxCoJ15QH3J4HnCfW"
"Slow Motion - 2006 Remastered Version","6TcnmlCSxihzWOQJ8k0rNS","0E59vg6z9hQoK200ISntKk",1,43,"5B8NzZPIvsodYU0qsZzIJK"
"First It Giveth","4pejUc4iciQfgdX6OKulQn","58HZZpS0wxJKwGjoerg0mk",1,51,"5yprGKAwV1GSJSiATa50Ni"
"Never Ending Rain","5JTuitdZNeqTBPMa7QU4g4","1se7ep46Ij0nQWXv8WvKlo",1,57,"6S2Gr1t3EeM1WkZvr2HRk1"
"Rain Sound : Dark Sky","0p4jOOIvRNOeFf8B28hQ1e","33G5gXqWDc2rWWQAlQVmcg",1,54,"1O3Fgs0iUziOc2JWgLxlKW"
"Hyperballad","7w29UYBi0qsHi5RTcv3lmA","2Ul7B1LEHxXzYubtkTMENs",1,48,"4z1fNs2B7KndCsvyPgrhq5"
"Calm Rolling Thunder and Soothing Rain","4NqS7DbPFYwZmniGHCPMpm","4GvZxuVuOl4sJqwQEheh65",1,61,"5Y3bt7xbhZwwHfTPK5hWEg"
"Lead Paint","0PK6ewFU4DbFB8Eqr58Sct","529CvxQaHYhrMhJ7OrYNFL",1,34,"0DUcTWPrg970LD7ZHNlfph"
"We R Who We R","6LqNN22kT3074XbTVUrhzX","3GhnFolMJn8Ua8KieFZSBQ",1,66,"0Ji2g9AlYLVHAMG5PJoHPU"
"New Hampshire's All Right If You Like Fighting","2KYV3dBJ9xpl6SK4Lmv1Ju","7MdBTrLVuUVHZey51LNPE9",1,15,"0StRU5JBz73jiSV4DWfn8a"
"Hits from the Bong","4P0dddbxPil35MNN9G2MEX","02lktkm4J7K7N8T63Gm7KX",1,65,"0cfqYhY6B8PbGF9vaVNUeG"
"Stone Crazy","2gCsNOpiBaMNh20jQ5prf0","3iXDIrZsFitJCltwmfkrks",1,27,"0hORgg6aV6GgDn5VQfZpcl"
"Lost Ones","2Mu5NfyYm8n5iTomuKAEHl","2Uc0HAF0Cj0LAgyzYZX5e3",1,61,"0x6TCyRm4vmh81Ev0Tvylc"
"Poltergeist","6Ghvu1VvMGScGpOUJBAHNH","4PIVdqvL1Rc7T7Vfsr8n8Q",1,48,"109Reh7np1btqIGNbVTAq3"
"Padam Padam","1WPcVNert9hn7mHsPKDn7j","2k3nz0I7mJzegtkooii4za",1,52,"194uD6fRM58ztn7Z1Mfyr2"
"War Zone","1IQ2e1buppatiN1bxUVkrk","1SqpXb3ugUynp0iZgOSWrI",1,34,"1KhzUR6N12DxX4WLXK4AFs"
"I Gotta Try You Girl","2gCsNOpiBaMNh20jQ5prf0","7bkjnyiMG8mXzmEyfY49wD",1,20,"1MiNYSejISyB0FrBohNUbh"
"Spiritual House","3V4IvzRQYP5mzuVtkcHgVa","3dlBV9szQv1vP5e6uoGfvq",1,12,"1rBygvh2ZtlRnQBP7mnYme"
"My Father's House","3eqjTLE0HfPfh78zjh6TqT","6yskFQZNlLYhkchAxELHi6",1,41,"20mvEa8wRNsdU7diadzRGg"
"Anything Goes","72o2T9aqYR2PFNYpzYrMmw","6sBNBUjwHGLhHi8QPkungg",1,7,"27rMKktCRw5kZdkOECHlu1"
"Home","3hY7jnks2m5g2JAUCw4avu","2QKh3o0cWX2lJIk1k56lyc",1,7,"2HDkBIySX9EW9RPPfSJKQq"
"Porcelain","3OsRAKCvk37zwYcnzRf5XF","3wRlU7n3LULfjL0e9RtB5Q",1,66,"2UKYMN7VnsQo40n0qCt6Sa"
"First Time I Met The Blues","2gCsNOpiBaMNh20jQ5prf0","3iXDIrZsFitJCltwmfkrks",1,32,"2jgmBkJC0PhRWzn7X26WNZ"
"No Ordinary Love","6Ghvu1VvMGScGpOUJBAHNH","0UArfu79AC2LrQ6lsvohp5",1,40,"2lwkf3MVqTYmo5NoAoWFqN"
"Dark Necessities","0L8ExT028jH3ddEcZwqJJ5","43otFXrY0bgaq5fB3GrZj6",1,77,"2oaK4JLVnmRGIO9ytBE1bt"
"She's Got The Devil In Her","2gCsNOpiBaMNh20jQ5prf0","7bkjnyiMG8mXzmEyfY49wD",1,34,"2r6JhvSzpVZ2UaHPMptWRO"
"The Love Club","163tK9Wjr9P9DmM0AVK7lm","6rnzvZhe3PA57xKcKLRtJ6",1,64,"2yrJ1jWo3HLksJFUqUsZE4"
"Till the World Ends","26dSoYclwsYLMAKD3tpOr4","0oFBaXLFsUVa2gEmJf4FcJ",1,64,"38iU2jg98IZZEIJPrP7aWD"
"Kocaine Karolina","3bhu7P5PfngueRHiB9hjcx","0B4eikFaUJcf3hc6DaSVov",1,46,"39hWv5A21PJvLhcrCHV37f"
"Under The Bridge","0L8ExT028jH3ddEcZwqJJ5","30Perjew8HyGkdSmqguYyg",1,82,"3d9DChrdc6BOeFsbrZ3Is0"
"Ticking of the Hours","72o2T9aqYR2PFNYpzYrMmw","4u1eopJkfGGDBqqwPAbsqL",1,12,"3xMW2ZStNT8KAjUGDAMQJF"
"Cyclops","2VYQTNDsvvKN9wmU5W7xpj","1SmsWlQZojAXz5H0i26bRl",1,35,"4EPnXAZxLTyXIQSrMMAKRd"
"Inside Out","4Eqd24yS5YcxI8b6Xfuwr8","1qJOmC60ez9RNWPg4ELMBW",1,69,"4GiVcDqNQI0fc0yYuRGH9m"
"Beez In The Trap","0hCNtLu0JehylgoiP8L4Gh","6fABwONLawdFjkDpLx41j8",1,60,"4It00tEYLwpjQtAhqnjCPC"
"How I Could Just Kill a Man","2d0hyoQ5ynDBnkvAbJKORj","6iVOwFVjFRoQPgj8GUwSsi",1,59,"4K1DB7EedHPuVnhVrnvf2U"
"Down Slow","3OsRAKCvk37zwYcnzRf5XF","3wRlU7n3LULfjL0e9RtB5Q",1,39,"4RzzjS0nzDRNoz6RKvazDe"
"You Never Met A Motherf**ker Quite Like Me - Explicit Album Version","7dOBabd5O4CvKrg4iriHTM","64du8CiAmKAzVswhA3RK4r",1,52,"4Tzyn0neFbPDkk88ObJmTu"
"Amour du sol","0WbqAlM1WvfUD6dF7omThd","2UiP7sGjSxl52QtlWAXYVy",1,29,"4UkjV4JPpefo4YumnHUntP"
"To Defy the Laws of Tradition","64mPnRMMeudAet0E62ypkx","0bCjsDy7xtSGsKleQXF9ng",1,35,"4YABJWMLn5WQhvapjM2Nok"
"I Want You (She's So Heavy)","3JVF9a4IJrL7sTSdjXxIqJ","5uUtn3Fkr4qWQUpJAmrLEf",1,38,"506QVgytjv6wUVCSVF4Ewe"
"Nosebleed","6Ghvu1VvMGScGpOUJBAHNH","30YN03R4Bjl8Qwz8wPRoXG",1,41,"5JspPZ5QoUxVmhefk0UVgB"
"Get Born Again","64tNsm6TnZe2zpcMVMOoHL","55t6oH9P2Rf92NQtAm1euu",2,28,"5M1o2pOe5AEMqpThPBLdW6"
"For The Good Times","6kACVPfCOnqzgfEF5ryl0x","5PhCQ5zV8DEsMBnyiZbwKd",1,39,"5NcDqg45xfB80huD6X503f"
"Harder Better Faster Stronger","4tZwfgrHOc3mvqYlEYSvVi","2noRn2Aes5aoNVsU6iWThc",1,69,"5W3cjX2J3tjhG8zb6u0qHn"
"Physical Love","3JVF9a4IJrL7sTSdjXxIqJ","5uUtn3Fkr4qWQUpJAmrLEf",1,30,"5WWjhNZsDcxIKeVecZqSvu"
"Dans ta vraie vie","0WbqAlM1WvfUD6dF7omThd","2UiP7sGjSxl52QtlWAXYVy",1,28,"5gajEj2Mc7yWzzxl8wF22r"
"Jumper - 1998 Edit","6TcnmlCSxihzWOQJ8k0rNS","4JzNsKax0sIzmEB5brppNw",1,42,"5ryAA8i8hpwX38BBKFG7Ga"
"I Came As A Rat (Long Walk Off A Short Dock)","1yAwtBaoHLEDWAnWR87hBT","4FGdH46dS0XB6wXiI8onbB",1,28,"5uJEOeAKNqgvU30N9QBLg1"
"Que Veux-Tu","0WbqAlM1WvfUD6dF7omThd","5i1czdY17oRUXvKRHyilUw",1,21,"5vW3K7PDsqZQjIXNZ422SQ"
"Get Behind The Mule","7x83XhcMbOTl1UdYsPTuZM","0tFQcJyS2Ui3vtiijAEdwS",1,40,"5yKfEU6q2Z5JRaQs1y0aKv"
"Revolver","2d0hyoQ5ynDBnkvAbJKORj","24E6rDvGDuYFjlGewp4ntF",1,53,"655gNlXQ7zb9jPrTuqJ4mf"
"Simultaneous","2pAajGWerK3ghwToNWFENS","3fb2z5LGbkUK02bWiGSMxf",1,41,"67oij0A9nS0eZwmIXdiBsF"
"Year of tha Boomerang","2d0hyoQ5ynDBnkvAbJKORj","24E6rDvGDuYFjlGewp4ntF",1,47,"69oLqnnqggg6v7JMw9VIbf"
"Plasticine - Lounge Version","6RZUqkomCmb8zCRqc9eznB","1DAhOaJI6gEBqUSIIrywlA",1,20,"6MvhFYHrI6Dm6duS0gP5bG"
"Endure","7pwThElmrxl0pjTwXMojCx","3ZonNd7UfpV28GA1ZUys7o",1,31,"6NLFm0CK0TPkTT6ayrCfVR"
"Whatever","6gZq1Q6bdOxsUPUG1TaFbF","1w7vC8hjYXhK1fS5cM2fUM",1,55,"6PHn6aXuM2FkzonGWJxY28"
"Hold On, I'm Comin' - LP/Single Version","2BVYdY4PyfCF9z4NrkhEB2","2PBsbww0MYw9F1JzyYWIEO",1,68,"6PgVDY8GTkxF3GmhVGPzoB"
"Nuit de baise I","0WbqAlM1WvfUD6dF7omThd","2jgb0dt6ix8RRvJWmDRb5Z",1,37,"6c6AgSLuZIDB0cXRtnohnC"
"Tennis Court","163tK9Wjr9P9DmM0AVK7lm","0rmhjUgoVa17LZuS8xWQ3v",1,65,"74fpNVAJrKGQuqHETi4WSt"
"Down In A Hole","64tNsm6TnZe2zpcMVMOoHL","58NXIEYqmq5dQHg9nV9duM",1,58,"7FRfYOql61DGDp9VPPe2qA"
"Time Bomb","6gZq1Q6bdOxsUPUG1TaFbF","1w7vC8hjYXhK1fS5cM2fUM",1,44,"7cGPNCOCpgQjtDxBQCJ6Zi"
"God Of Wine","6TcnmlCSxihzWOQJ8k0rNS","2gToC0XAblE9h3UZD6aAaQ",1,55,"7due1Ojbs249hAhgSy7pTt"
"Slide","7CajNmpbOovFoOoasH2HaY","2HaqChIDc5go3qxVunBDK0",1,80,"7tr2za8SQg2CI8EDgrdtNl"
"Monsun Rain Fall","0HVOvIhSNLpfo2rxfKdacJ","0ISQWETYXQ8Awlf3AE95qr",1,60,"07WLrVRWqGSg3NG3K5B9FC"
"Thunderstorm In The Cabin","4lrOh2SR7H3guHky2lAYOk","47aFId4LZv1BI9UZEpzbpx",1,62,"5PmVqECxxW8pix05pb5gjv"
"It's Really Coming Down","2uEOVKQiVJDDBmL5MxHpNv","3ddgfoJx3aeiELyFW7iuHN",1,54,"7IswCDiCavqNno18bOkK3q"
"Stormy Rain Sound","5JTuitdZNeqTBPMa7QU4g4","1se7ep46Ij0nQWXv8WvKlo",1,59,"5GneHmxJdDsPtN2AI3y4Uj"
"Forest Thunderstorm","1hzMcARZTayoVUZwkkiBUb","06gtdmD7olwgoeFyiGjTeI",1,63,"5lyslBBFXOiu2uB0sEdLSa"
"Pouring Continuously","2uEOVKQiVJDDBmL5MxHpNv","3ddgfoJx3aeiELyFW7iuHN",1,54,"2hpgVVX4UCaGWVdTsbAQsU"
"Heavy Straight Rain","4wuRZANCBpXAiLpvvlbpWy","3ZGZn2qivDn2EFKwTKyCFa",1,56,"4d9YoH25QvvfJ6aLu5mAA1"
"Thunderstorm By The Waterfall","6xQDyC92UEZQCySBNTdkyx","5Y6fIPchbFHAtc3BaBC9am",1,63,"5dqINJU28icQujnJU37BJS"
"Sound of Nature - Rain, Thunderstorm","4ToeMkcsq0zhpiXKr6PJFx","58OaLymZ6tAkUr95SUHWuz",1,59,"7C7DqxIUI68ZXsyvaKPkbG"
"Dirt In The Ground","7x83XhcMbOTl1UdYsPTuZM","5blxyZRgkA735vO40p56MA",1,29,"0OvmIscyZUuZVntCTBdkcp"
"Telling Ghosts","2pAajGWerK3ghwToNWFENS","3qXWygv1NsvKlahaapA6xc",1,42,"308MaPxEFoessAieyy3VCA"
"Do You Feel It?","6D6rjLdxyE5vwhMlkuQq0E","061IeHu2QcmToSRzRkzeqM",1,70,"3lOok0REf4j3790abX26PR"
"Hard Out Here for a Pimp","26s8LSolLfCIY88ysQbIuT","0Pe9KCcaFK7CkeZPWXCuaB",1,47,"17ZCxegdCt1y0reBkHVmMB"
"Meditative Gentle Rain and Distant Thunder","4NqS7DbPFYwZmniGHCPMpm","4GvZxuVuOl4sJqwQEheh65",1,61,"1wBgKZTMcy7EBDR9xcw77a"
"Calmness Rain Sound","3Qs1EAnyqWLaNqk0wHS63M","7LkoFPniOrFcSDbvYzCK9x",1,59,"2XTFzpp94faiihcFaNWYR5"
"Rain And Thunder","4NqS7DbPFYwZmniGHCPMpm","345w1De5Lt2L63DHc1kdYk",1,61,"3Mytf34viXCBpzCCzZeXtf"
"Rain for Sleep","3yQUKaHkSwdGxlk8LxN5iu","5z5lSFScuFvSZ3iejLsSjj",1,43,"6p2gLCLxUjIyXB9S06jef2"
"Deep Thunderstorm","1hzMcARZTayoVUZwkkiBUb","06gtdmD7olwgoeFyiGjTeI",1,66,"4xyiM6KWF90l9wQh07GJvN"
"Straight Outta Compton","4EnEZVjo3w1cwcQYePccay","0Y7qkJVZ06tS2GUCDptzyW",1,68,"6KIKRz9eSTXdNsGUnomdtW"
"Heaven Beside You","64tNsm6TnZe2zpcMVMOoHL","49R4Qye4UUwzjPPQhtCkRe",1,59,"1DCdIWCE5UFiObCsTSpKFv"
"Whirring","4LdZNE5MHGqvc0N9ivXNF3","2R45MnKwqMVAuqQ6UvNwet",1,49,"2XbqxKjCnE9YWfPRqwgtPq"
"Rain Downpour","4ToeMkcsq0zhpiXKr6PJFx","58OaLymZ6tAkUr95SUHWuz",1,61,"2hojtVUnq9UYVD3sjHfUbU"
"Light Intense Sleep Rain","4wuRZANCBpXAiLpvvlbpWy","3ZGZn2qivDn2EFKwTKyCFa",1,55,"3EJ9kJd7Hm75NQXAHinW5h"
"Friday","3Vl9fyKMIdLMswk8ai3mm9","2XjJSWl5dMWv5NtmDetreB",1,50,"4fK6E2UywZTJIa5kWnCD6x"
"Get out of My Yard","19sJfp2FK2evlsw46WVhPG","0feUK5nPbHw7idhFiZ6O8Q",1,20,"67rWVnvYvUmtv7ACmyAMJL"
"Green Light","163tK9Wjr9P9DmM0AVK7lm","2B87zXm9bOWvAJdkJBTpzF",1,76,"6ie2Bw3xLj2JcGowOlcMhb"
"The Double Rainbow Song","31egVIqtDYRFtosw2xCXeF","0rtC2IcufaT1wEXmKcJyK8",1,0,"6pXt48ovVzsvCJ4qCYkpYL"
"Dear Mama","1ZwdS5xdxEREPySFridCfh","3OrucS4sHv6Bl9GS4rafEk",1,65,"6tDxrq4FxEL2q15y37tXT9"
"I Knew You Were Trouble.","06HL4z0CvFAxyc27GXpf02","1EoDsNmgTLtmwe1BDAVxV5",1,71,"72jCZdH0Lhg93z6Z4hBjgj"
"Icky Thump","4F84IBURUo98rz4r61KF70","77dc8fS3O8FaQjhbNASpgM",1,68,"7aBAo2pO8LvrN8mGba7MvA"
"Changes - (Explicit)","1ZwdS5xdxEREPySFridCfh","4Y9ISbppFbwk0r1XCLUi0I",1,61,"00i2HU7TEzzftShjRrDSEF"
"Soul-Crusher","0CF71zaDOJWCynIkW9bSK8","6Cvv0qNSdZNf9o0j8EohoD",1,38,"01X4vM5W2LBiBWRSY1O7TF"
"Homemade Dynamite","163tK9Wjr9P9DmM0AVK7lm","2B87zXm9bOWvAJdkJBTpzF",1,72,"02oAUzv4M0ItuTDy2RT3IT"
"Here","48dSb4OvI8hAPpHqBBYyig","30g2ANqeR3muuOeCmPf8uj",1,30,"05Aya2gOUzqMkK84Ku5VZR"
"Back In Black","711MCceyCBcFnzjGY4Q7Un","6mUdeDZCsExyJLMdAfDuwh",1,82,"08mG3Y1vljYA6bvDt4Wqkj"
"Oh, Pretty Woman - Can't Make You Love Me","5aygfDCEaX5KTZOxSCpT9o","4NNjaoSpZ1OFQljHZY9Lx7",1,30,"09uuz4Gd2Gro2eafufEM1v"
"Opticon","4uYwLU7k03RCQSRXGtQGg0","5Tw0J7E6OfHqHikLc7uycw",1,40,"0FXxj9RuhwtQbpUCoDgju7"
"Get On Top","0L8ExT028jH3ddEcZwqJJ5","2Y9IRtehByVkegoD7TcLfi",1,59,"0GcWf1Cc4ixN35D3O9VdcP"
"Make You Smile","3bhu7P5PfngueRHiB9hjcx","0B4eikFaUJcf3hc6DaSVov",1,50,"0HCRBSjsALIo6qHqlLP2NR"
"The Mission ""M Is For Milla Mix""","2pAajGWerK3ghwToNWFENS","2rDBeHRM12UkqAsPdKSsKN",1,50,"0JTYIMymviX8jgUVgrACtE"
"Good Times Bad Times","36QJpDe2go2KgaRleHCDTp","3ycjBixZf7S3WpC5WZhhUK",1,71,"0QwZfbw26QeUoIy82Z2jYp"
"Rushing","3OsRAKCvk37zwYcnzRf5XF","3wRlU7n3LULfjL0e9RtB5Q",1,42,"0RJdmicTYmdoRz9AQHrEyy"
"Killer","5leGNiJMZus51YMNgB18iG","2CTB9yYHcORb99ZHR1X0tY",1,10,"0S7b5hEJKpuU6DfKzRtq6h"
"Angel Of Mercy","5aygfDCEaX5KTZOxSCpT9o","0UL76F1K2R0F3tgdFrttnw",1,6,"0Tgxv4TJ9cgXSkpUVP8725"
"Around The World","0L8ExT028jH3ddEcZwqJJ5","2Y9IRtehByVkegoD7TcLfi",1,68,"0aGQHMr7bc23Y9Ts84ffop"
"Lets Ride","0xIChbcTsuYLueN1oEsX9v","7fDjWLApaKex95nZlUrdWr",1,36,"0d0hN4ITBni2UhMTd9FOxp"
"House Where Nobody Lives","7x83XhcMbOTl1UdYsPTuZM","0tFQcJyS2Ui3vtiijAEdwS",1,35,"0eM2hKwc6Hxo8ZLlDPcsIv"
"Vision One","5nPOO9iTcrs9k6yFffPxjH","6vQMbwthchxuSioACn2hcE",1,43,"0fxMIXpGObFMpelfT4Iz12"
"Symphony No. 9 in D Minor, Op. 125, ""Choral"": IV. Presto - Allegro assai, ""Ode to Joy""","2wOqMjp9TyABvtHdOSOTUS","4tCIRuNncqJutcEY3HeJcn",1,18,"0jgjqI4xj7FTKZmUtoMGTG"
"Where The Devil Don't Go","3bhu7P5PfngueRHiB9hjcx","0B4eikFaUJcf3hc6DaSVov",1,55,"0mHSePRiFnTy7qYPsIeIJ8"
"J'ai Bu","0WbqAlM1WvfUD6dF7omThd","5i1czdY17oRUXvKRHyilUw",1,14,"0mw2PTvugoi63PqCNhxmVs"
"Mon meilleur ami","0WbqAlM1WvfUD6dF7omThd","2UiP7sGjSxl52QtlWAXYVy",1,28,"0qy4ur5VnoC5mzYdvuxIIY"
"Generator Man","5KXQd8yuFul8tRacdqaoAe","4Df2XwK1BeN91Byr1UnJpA",1,1,"0u9JuxeLsK5g925kfsxRHn"
"Goth","48nHO1cuTbpx4ELhChsxX1","0Iq6APTGuGPe875jV0rIw2",1,36,"0uMZbmAAgOhdMrv25iPEH6"
"Superstar","2Mu5NfyYm8n5iTomuKAEHl","2Uc0HAF0Cj0LAgyzYZX5e3",1,51,"0yqby64XNHe6ayGZNf4E9B"
"HILF MIR","6wWVKhxIU2cEi0K81v7HvP","3ujsh5jQMOFqIbP7sWruEt",1,40,"12oRvm1xzDO56HlpEnm0JH"
"This Room","5Nx3gPpU2OFLI80rv7fDX5","1FDtWMYoF33vr3YcuGN6SA",1,1,"17EMlEMoJqi5wWis6B3uQ9"
"Bonnie & Clyde","6hhA8TKRNryM8FNzqCqdDO","2SOYfn2Qcpt0zmKv8slc0S",1,2,"17qt2lDMFkdFDcdsx8YUdg"
"So Goes The Story","3JVF9a4IJrL7sTSdjXxIqJ","5uUtn3Fkr4qWQUpJAmrLEf",1,25,"1C0FjS1Nr5jfRHttNOaRlF"
"Life's a bitch","72o2T9aqYR2PFNYpzYrMmw","1dlXbfUaVupoAf43LxXG9s",1,3,"1EsmDUpzpe9KybR9gB4sxA"
"Scar Tissue","0L8ExT028jH3ddEcZwqJJ5","2Y9IRtehByVkegoD7TcLfi",1,77,"1G391cbiT3v3Cywg8T7DM1"
"Broken Witch","2z78AlkdwE2Ghj9EB50M6z","6lDZfW6rm9w61pE7yXwtFC",1,17,"1JOrIshStFM6JcC0scqDWP"
"Eternal","48nHO1cuTbpx4ELhChsxX1","0Iq6APTGuGPe875jV0rIw2",1,27,"1NeNc7uDdCZWWYKoHMyu9A"
